Event count,COPLNT_YR,COPLNT_MON,COPLNT_DAY,COPLNT_1R_DT,COPLNT_1R_TM,Crime type,age,race,sex,Zone,Latitude,Longitude,BORO_N0,PRE0_TYP_DESC,KY_CD,PD_CD
2,2013,1,2,01/02/2013,4,4,3,1,1,4,40.77641236,-73.94825085,MANHATTAN,RESIDENCE - APT. HOUSE,109,438
1,2013,1,2,01/02/2013,7,8,2,1,0,5,40.7478456,-73.99477916,MANHATTAN,FAST FOOD,351,258
1,2013,1,2,01/02/2013,5,8,2,3,1,2,40.82226207,-73.9405374,MANHATTAN,FAST FOOD,351,258
1,2013,1,2,01/02/2013,4,7,3,1,0,4,40.78047146,-73.95383362,MANHATTAN,RESIDENCE - APT. HOUSE,112,739
1,2013,1,2,01/02/2013,2,8,1,1,1,1,40.86300322,-73.92425384,MANHATTAN,RESIDENCE - APT. HOUSE,361,639
1,2013,1,2,01/02/2013,8,4,2,2,0,2,40.81969835,-73.95909575,MANHATTAN,FOOD SUPERMARKET,341,333
1,2013,1,2,01/02/2013,1,4,1,1,1,2,40.81969835,-73.95909575,MANHATTAN,FOOD SUPERMARKET,341,333
2,2013,1,2,01/02/2013,8,3,3,3,0,2,40.84074193,-73.92165536,BRONX,GROCERY/BODEGA,344,113
1,2013,1,2,01/02/2013,4,4,3,3,1,2,40.81770983,-73.92397301,BRONX,STREET,341,321
1,2013,1,2,01/02/2013,1,7,2,1,1,6,40.70754637,-74.01377605,MANHATTAN,CHAIN STORE,112,739
1,2013,1,2,01/02/2013,6,4,3,1,1,2,40.82294261,-73.95198314,MANHATTAN,RESIDENCE - APT. HOUSE,109,403
1,2013,1,2,01/02/2013,7,8,2,1,1,4,40.76846778,-73.95861457,MANHATTAN,RESIDENCE - APT. HOUSE,361,639
2,2013,1,2,01/02/2013,7,8,3,3,0,4,40.74829799,-73.98817814,MANHATTAN,TRANSIT - NYC SUBWAY,121,273
1,2013,1,2,01/02/2013,3,8,3,1,1,4,40.75410547,-73.97055611,MANHATTAN,RESIDENCE - APT. HOUSE,361,639
1,2013,1,2,01/02/2013,6,8,1,1,0,3,40.80276581,-73.93957234,MANHATTAN,RESIDENCE - APT. HOUSE,361,639
3,2013,1,2,01/02/2013,7,4,2,1,1,5,40.72424356,-73.99778628,MANHATTAN,STREET,109,419
1,2013,1,2,01/02/2013,8,4,1,1,1,4,40.75122284,-73.98045027,MANHATTAN,OTHER,109,401
1,2013,1,2,01/02/2013,7,4,3,1,1,5,40.722942,-73.98864443,MANHATTAN,STREET,109,405
1,2013,1,2,01/02/2013,6,9,3,1,1,3,40.79903099,-73.96026062,MANHATTAN,RESIDENCE - APT. HOUSE,126,198
1,2013,1,2,01/02/2013,8,8,3,1,1,2,40.84070387,-73.92219752,BRONX,RESIDENCE - APT. HOUSE,351,259
1,2013,1,2,01/02/2013,5,7,3,1,0,4,40.77588356,-73.97620784,MANHATTAN,RESIDENCE - APT. HOUSE,112,739
1,2013,1,2,01/02/2013,5,8,3,3,0,2,40.82909603,-73.92153177,BRONX,RESIDENCE - APT. HOUSE,361,639
2,2013,1,2,01/02/2013,4,4,1,3,0,4,40.75911364,-73.96690454,MANHATTAN,PUBLIC SCHOOL,341,339
1,2013,1,2,01/02/2013,7,4,3,1,0,3,40.78962313,-73.97361002,MANHATTAN,BUS (NYC TRANSIT),109,415
1,2013,1,2,01/02/2013,5,4,2,1,1,6,40.71409855,-74.00948121,MANHATTAN,RESIDENCE - APT. HOUSE,109,438
1,2013,1,2,01/02/2013,5,8,1,1,1,3,40.79695571,-73.96825817,MANHATTAN,RESIDENCE - PUBLIC HOUSING,361,639
1,2013,1,2,01/02/2013,1,4,2,3,0,3,40.80330628,-73.95060667,MANHATTAN,RESIDENCE - APT. HOUSE,109,438
1,2013,1,2,01/02/2013,7,7,2,1,0,1,40.85048054,-73.93559268,MANHATTAN,RESIDENCE - APT. HOUSE,112,739
1,2013,1,2,01/02/2013,5,4,2,1,0,3,40.79060456,-73.94643052,MANHATTAN,STREET,105,397
1,2013,1,2,01/02/2013,7,4,2,1,0,5,40.73367716,-73.99418852,MANHATTAN,STREET,110,441
1,2013,1,2,01/02/2013,5,4,2,1,1,1,40.86174582,-73.91216596,BRONX,GAS STATION,109,405
1,2013,1,2,01/02/2013,7,4,3,1,0,4,40.76170399,-73.9498217,MANHATTAN,STREET,109,421
1,2013,1,2,01/02/2013,7,9,1,3,1,2,40.82201694,-73.93891535,MANHATTAN,RESIDENCE - APT. HOUSE,126,198
1,2013,1,2,01/02/2013,2,4,3,1,1,5,40.72252158,-73.9846003,MANHATTAN,RESIDENCE - APT. HOUSE,107,221
1,2013,1,2,01/02/2013,8,6,2,2,0,4,40.75626621,-73.99050125,MANHATTAN,BUS TERMINAL,235,511
1,2013,1,2,01/02/2013,8,4,1,1,1,3,40.78874407,-73.97053357,MANHATTAN,CHAIN STORE,341,333
2,2013,1,2,01/02/2013,7,4,3,1,1,3,40.81097984,-73.94902233,MANHATTAN,RESIDENCE - PUBLIC HOUSING,109,438
1,2013,1,2,01/02/2013,6,4,1,3,0,1,40.87013885,-73.91551023,MANHATTAN,RESIDENCE - APT. HOUSE,341,313
1,2013,1,2,01/02/2013,5,3,3,3,0,6,40.68977752,-73.99671286,BROOKLYN,HOSPITAL,344,101
1,2013,1,2,01/02/2013,4,4,2,1,0,3,40.7948248,-73.93861887,MANHATTAN,PUBLIC SCHOOL,341,338
1,2013,1,2,01/02/2013,4,9,3,1,1,5,40.74536441,-73.99658381,MANHATTAN,PUBLIC SCHOOL,126,640
1,2013,1,2,01/02/2013,6,6,3,2,0,3,40.80904637,-73.94640123,MANHATTAN,STREET,235,567
1,2013,1,2,01/02/2013,3,4,3,3,0,4,40.76229871,-73.98610723,MANHATTAN,BUS (OTHER),341,321
1,2013,1,2,01/02/2013,6,4,3,1,0,5,40.73169972,-73.98231781,MANHATTAN,STREET,341,349
1,2013,1,2,01/02/2013,8,3,3,2,1,5,40.71676379,-73.99148808,MANHATTAN,SOCIAL CLUB/POLICY,344,101
1,2013,1,2,01/02/2013,5,2,1,1,1,5,40.73669807,-73.98331603,MANHATTAN,RESIDENCE - APT. HOUSE,104,157
1,2013,1,2,01/02/2013,7,2,1,3,1,5,40.7426993,-73.99865538,MANHATTAN,RESIDENCE - APT. HOUSE,104,157
1,2013,1,2,01/02/2013,3,8,3,1,1,3,40.80161235,-73.94366574,MANHATTAN,RESIDENCE - APT. HOUSE,361,639
1,2013,1,2,01/02/2013,8,4,2,1,1,6,40.69190532,-73.97754679,BROOKLYN,PARK/PLAYGROUND,105,386
1,2013,1,2,01/02/2013,8,8,3,1,0,2,40.83850492,-73.939829,MANHATTAN,STREET,351,254
1,2013,1,2,01/02/2013,8,4,3,1,1,5,40.71742196,-74.01430116,MANHATTAN,RESIDENCE - APT. HOUSE,109,438
2,2013,1,2,01/02/2013,8,4,2,1,1,4,40.76101447,-73.98889784,MANHATTAN,RESIDENCE - APT. HOUSE,109,438
1,2013,1,2,01/02/2013,8,2,3,3,0,3,40.7842361,-73.95108302,MANHATTAN,RESIDENCE - APT. HOUSE,578,638
1,2013,1,2,01/02/2013,7,4,3,2,0,5,40.71473845,-73.99760263,MANHATTAN,STREET,341,343
1,2013,1,2,01/02/2013,7,2,3,3,0,2,40.8181375,-73.93676565,MANHATTAN,RESIDENCE - APT. HOUSE,578,637
1,2013,1,2,01/02/2013,7,4,2,3,1,3,40.80264049,-73.94707461,MANHATTAN,STREET,110,441
1,2013,1,2,01/02/2013,6,8,3,3,1,5,40.72788312,-73.99856187,MANHATTAN,RESIDENCE - APT. HOUSE,361,639
2,2013,1,2,01/02/2013,6,2,3,3,1,2,40.82367873,-73.94694226,MANHATTAN,RESIDENCE - APT. HOUSE,578,638
1,2013,1,2,01/02/2013,5,4,3,1,0,3,40.80002496,-73.97071278,MANHATTAN,RESIDENCE - APT. HOUSE,109,403
1,2013,1,2,01/02/2013,3,4,2,2,1,1,40.86988467,-73.9208979,MANHATTAN,STREET,341,357
1,2013,1,2,01/02/2013,1,8,3,3,0,5,40.73466806,-74.00475001,MANHATTAN,STREET,351,254
1,2013,1,2,01/02/2013,8,8,2,3,0,2,40.83015183,-73.92857325,BRONX,STREET,351,254
1,2013,1,2,01/02/2013,8,4,2,1,0,6,40.70132337,-73.98179571,BROOKLYN,RESIDENCE - PUBLIC HOUSING,232,490
1,2013,1,2,01/02/2013,8,2,1,3,1,3,40.81039602,-73.92531075,BRONX,RESIDENCE - APT. HOUSE,233,681
1,2013,1,2,01/02/2013,8,4,2,2,0,5,40.7256977,-73.98823988,MANHATTAN,BAR/NIGHT CLUB,341,338
1,2013,1,2,01/02/2013,8,8,2,1,1,3,40.78214028,-73.98492594,MANHATTAN,RESIDENCE - APT. HOUSE,351,259
1,2013,1,2,01/02/2013,8,6,3,3,0,3,40.79584721,-73.94691026,MANHATTAN,RESIDENCE - PUBLIC HOUSING,235,567
1,2013,1,2,01/02/2013,8,4,2,3,0,2,40.84771793,-73.93797729,MANHATTAN,STREET,109,405
1,2013,1,2,01/02/2013,8,3,3,1,0,3,40.81305762,-73.9490677,MANHATTAN,RESIDENCE - APT. HOUSE,106,109
1,2013,1,2,01/02/2013,8,8,3,3,1,6,40.68297718,-73.98084165,BROOKLYN,RESIDENCE - APT. HOUSE,351,259
1,2013,1,2,01/02/2013,8,8,3,3,0,5,40.72256087,-73.99373853,MANHATTAN,STREET,351,254
1,2013,1,2,01/02/2013,8,4,2,3,1,5,40.72825367,-73.99931593,MANHATTAN,BAR/NIGHT CLUB,109,438
1,2013,1,2,01/02/2013,8,3,1,1,0,2,40.82170512,-73.95291259,MANHATTAN,STREET,236,782
1,2013,1,2,01/02/2013,8,2,2,1,1,4,40.77722278,-73.97523249,MANHATTAN,RESIDENCE - APT. HOUSE,578,638
1,2013,1,2,01/02/2013,8,8,2,1,0,4,40.75416455,-73.94465152,QUEENS,RESIDENCE - PUBLIC HOUSING,359,759
1,2013,1,2,01/02/2013,8,3,2,1,0,2,40.82539373,-73.92618277,BRONX,STREET,106,109
1,2013,1,2,01/02/2013,8,8,2,1,1,5,40.7445855,-73.97748573,MANHATTAN,RESIDENCE - APT. HOUSE,351,259
1,2013,1,2,01/02/2013,8,8,3,1,1,5,40.7445855,-73.97748573,MANHATTAN,RESIDENCE - APT. HOUSE,351,259
1,2013,1,2,01/02/2013,8,8,2,1,0,5,40.73865352,-73.99776415,MANHATTAN,STREET,351,254
2,2013,1,2,01/02/2013,7,8,2,3,1,3,40.81054022,-73.94797867,MANHATTAN,RESIDENCE - PUBLIC HOUSING,351,254
1,2013,1,2,01/02/2013,7,2,2,3,0,3,40.81485029,-73.95668185,MANHATTAN,HOSPITAL,116,168
1,2013,1,2,01/02/2013,7,4,1,3,1,4,40.76289723,-73.98752578,MANHATTAN,DRUG STORE,341,333
1,2013,1,2,01/02/2013,7,8,2,1,1,3,40.81054022,-73.94797867,MANHATTAN,RESIDENCE - PUBLIC HOUSING,351,254
1,2013,1,2,01/02/2013,7,4,2,1,1,6,40.68168598,-74.00147608,BROOKLYN,CHURCH,341,339
1,2013,1,2,01/02/2013,7,3,2,3,0,3,40.7875673,-73.94313233,MANHATTAN,RESIDENCE - PUBLIC HOUSING,344,114
1,2013,1,2,01/02/2013,7,4,2,3,1,5,40.74194447,-73.99722273,MANHATTAN,RESIDENCE - APT. HOUSE,341,338
1,2013,1,2,01/02/2013,7,4,2,1,0,3,40.80560387,-73.95818331,MANHATTAN,STREET,341,321
1,2013,1,2,01/02/2013,7,8,2,2,1,5,40.7478456,-73.99477916,MANHATTAN,PARKING LOT/GARAGE (PRIVATE),351,258
1,2013,1,2,01/02/2013,7,4,2,1,0,6,40.70715186,-74.00453164,MANHATTAN,DRUG STORE,341,333
1,2013,1,2,01/02/2013,7,4,2,3,1,4,40.75616977,-73.97156225,MANHATTAN,STREET,109,419
1,2013,1,2,01/02/2013,6,3,2,3,0,2,40.81856834,-73.92731395,BRONX,TRANSIT - NYC SUBWAY,236,782
1,2013,1,2,01/02/2013,6,4,2,1,0,6,40.68606438,-73.9771954,BROOKLYN,STREET,341,321
1,2013,1,2,01/02/2013,6,8,2,3,1,3,40.8127971,-73.9436635,MANHATTAN,STREET,351,254
1,2013,1,2,01/02/2013,6,4,3,1,0,1,40.86948709,-73.92148772,MANHATTAN,STREET,341,321
1,2013,1,2,01/02/2013,5,4,1,3,0,4,40.7789696,-73.94638211,MANHATTAN,RESIDENCE - APT. HOUSE,341,338
1,2013,1,2,01/02/2013,5,8,2,2,1,3,40.8132618,-73.95154939,MANHATTAN,RESIDENCE - APT. HOUSE,361,639
2,2013,1,2,01/02/2013,5,4,1,1,0,5,40.7348462,-73.99075688,MANHATTAN,BUS (OTHER),341,338
1,2013,1,2,01/02/2013,3,4,3,1,1,1,40.86869151,-73.91807915,MANHATTAN,RESIDENCE - APT. HOUSE,109,401
1,2013,1,2,01/02/2013,3,4,2,3,0,6,40.71138986,-74.00010605,MANHATTAN,RESIDENCE - PUBLIC HOUSING,105,388
1,2013,1,2,01/02/2013,2,4,1,3,1,5,40.74077248,-73.99807442,MANHATTAN,STREET,109,419
1,2013,1,2,01/02/2013,8,4,1,1,0,2,40.84753218,-73.93965096,MANHATTAN,STREET,105,397
1,2013,1,2,01/02/2013,8,3,1,3,0,2,40.81523016,-73.92218756,BRONX,STREET,236,782
1,2013,1,2,01/02/2013,8,4,2,3,0,5,40.74693428,-73.99358827,MANHATTAN,BUS (OTHER),341,339
1,2013,1,2,01/02/2013,8,6,2,3,0,4,40.75497231,-73.9463545,QUEENS,RESIDENCE - PUBLIC HOUSING,117,512
1,2013,1,2,01/02/2013,8,8,3,1,0,3,40.78589784,-73.97075511,MANHATTAN,RESIDENCE-HOUSE,361,639
1,2013,1,2,01/02/2013,8,8,2,3,1,3,40.80778062,-73.94548473,MANHATTAN,TRANSIT - NYC SUBWAY,359,750
1,2013,1,2,01/02/2013,8,8,2,1,1,4,40.75416455,-73.94465152,QUEENS,RESIDENCE - PUBLIC HOUSING,359,759
1,2013,1,2,01/02/2013,8,4,2,2,1,4,40.75666259,-73.97856812,MANHATTAN,STREET,341,339
1,2013,1,2,01/02/2013,8,9,2,1,1,5,40.72278734,-73.9813461,MANHATTAN,RESIDENCE - PUBLIC HOUSING,126,760
1,2013,1,2,01/02/2013,8,3,2,1,1,4,40.75413883,-73.98833592,MANHATTAN,STREET,344,101
1,2013,1,2,01/02/2013,8,3,2,3,1,2,40.81824395,-73.95272356,MANHATTAN,PUBLIC BUILDING,236,782
1,2013,1,2,01/02/2013,8,4,3,1,0,6,40.69067757,-73.99189888,BROOKLYN,BOOK/CARD,352,205
1,2013,1,2,01/02/2013,8,8,2,1,0,2,40.81981776,-73.95543576,MANHATTAN,RESIDENCE - APT. HOUSE,351,259
1,2013,1,2,01/02/2013,8,8,3,1,0,4,40.76511455,-73.98405256,MANHATTAN,STREET,361,639
1,2013,1,2,01/02/2013,8,7,2,1,1,1,40.85402582,-73.92938986,MANHATTAN,STREET,113,725
1,2013,1,2,01/02/2013,7,4,1,2,1,5,40.7286186,-73.994658,MANHATTAN,CHAIN STORE,341,333
1,2013,1,2,01/02/2013,7,6,2,1,1,3,40.80164155,-73.9537792,MANHATTAN,STREET,117,500
1,2013,1,2,01/02/2013,7,2,2,3,0,2,40.84655935,-73.92371234,BRONX,RESIDENCE - APT. HOUSE,578,637
1,2013,1,2,01/02/2013,7,4,3,3,0,3,40.81018206,-73.95116872,MANHATTAN,BUS (NYC TRANSIT),341,339
1,2013,1,2,01/02/2013,7,6,3,1,0,5,40.723393,-73.97625544,MANHATTAN,RESIDENCE - PUBLIC HOUSING,117,503
1,2013,1,2,01/02/2013,7,4,1,1,0,3,40.79820284,-73.97224859,MANHATTAN,STREET,341,339
1,2013,1,2,01/02/2013,7,6,3,1,1,4,40.75813555,-73.99285444,MANHATTAN,STREET,235,511
1,2013,1,2,01/02/2013,7,8,3,1,1,5,40.7444513,-73.97905924,MANHATTAN,STREET,355,115
1,2013,1,2,01/02/2013,7,3,3,1,1,2,40.81595938,-73.95727362,MANHATTAN,RESIDENCE - APT. HOUSE,344,101
1,2013,1,2,01/02/2013,7,3,2,1,1,2,40.81595938,-73.95727362,MANHATTAN,RESIDENCE - APT. HOUSE,344,101
1,2013,1,2,01/02/2013,7,2,1,1,1,3,40.78405987,-73.97502051,MANHATTAN,TRANSIT - NYC SUBWAY,233,175
1,2013,1,2,01/02/2013,7,3,3,3,1,3,40.80978751,-73.92239983,BRONX,STREET,118,793
1,2013,1,2,01/02/2013,7,4,2,1,1,4,40.74973364,-73.98967569,MANHATTAN,CLOTHING/BOUTIQUE,341,313
1,2013,1,2,01/02/2013,7,2,1,3,1,6,40.69969571,-73.98169157,BROOKLYN,RESIDENCE - PUBLIC HOUSING,578,637
3,2013,1,2,01/02/2013,7,4,2,1,1,3,40.79679044,-73.93940441,MANHATTAN,RESIDENCE - PUBLIC HOUSING,109,419
1,2013,1,2,01/02/2013,7,4,1,1,1,5,40.74156542,-73.99167978,MANHATTAN,RESTAURANT/DINER,341,338
1,2013,1,2,01/02/2013,7,3,2,2,1,4,40.7606115,-73.96433366,MANHATTAN,STREET,344,101
2,2013,1,2,01/02/2013,7,4,1,1,0,4,40.74968132,-73.98795774,MANHATTAN,SHOE,341,333
1,2013,1,2,01/02/2013,7,4,2,2,1,5,40.74747149,-73.98527303,MANHATTAN,RESTAURANT/DINER,109,438
1,2013,1,2,01/02/2013,7,2,3,3,0,3,40.80922337,-73.9381107,MANHATTAN,RESIDENCE - APT. HOUSE,578,638
1,2013,1,2,01/02/2013,7,3,2,2,0,4,40.75724053,-73.98979364,MANHATTAN,TRANSIT - NYC SUBWAY,344,101
1,2013,1,2,01/02/2013,7,8,2,2,1,2,40.83111635,-73.93041152,BRONX,CANDY STORE,351,259
1,2013,1,2,01/02/2013,7,3,1,3,0,4,40.75868736,-73.99516094,MANHATTAN,STREET,344,101
1,2013,1,2,01/02/2013,7,2,2,3,1,2,40.82153568,-73.92778763,BRONX,OTHER,578,637
1,2013,1,2,01/02/2013,7,3,1,3,1,6,40.6836453,-73.98977605,BROOKLYN,RESIDENCE - PUBLIC HOUSING,344,101
2,2013,1,2,01/02/2013,7,4,2,1,0,4,40.77870307,-73.97971645,MANHATTAN,RESIDENCE - APT. HOUSE,109,405
1,2013,1,2,01/02/2013,6,4,1,1,1,3,40.798964,-73.95031372,MANHATTAN,RESIDENCE - PUBLIC HOUSING,352,205
1,2013,1,2,01/02/2013,6,4,1,3,1,6,40.686761,-73.99604235,BROOKLYN,STREET,105,397
1,2013,1,2,01/02/2013,6,4,1,1,1,4,40.76380068,-73.9737863,MANHATTAN,CLOTHING/BOUTIQUE,109,433
2,2013,1,2,01/02/2013,6,4,2,1,0,3,40.80339136,-73.93910943,MANHATTAN,RESIDENCE - PUBLIC HOUSING,352,205
1,2013,1,2,01/02/2013,6,3,3,1,1,4,40.78073918,-73.94473054,MANHATTAN,RESIDENCE - PUBLIC HOUSING,344,101
1,2013,1,2,01/02/2013,6,8,2,2,0,2,40.81856834,-73.92731395,BRONX,TRANSIT - NYC SUBWAY,363,799
1,2013,1,2,01/02/2013,6,3,3,1,1,3,40.81489035,-73.9612627,MANHATTAN,RESIDENCE - APT. HOUSE,106,109
1,2013,1,2,01/02/2013,6,4,2,3,1,4,40.74943967,-73.98692557,MANHATTAN,CLOTHING/BOUTIQUE,341,333
1,2013,1,2,01/02/2013,6,3,3,1,0,5,40.71718627,-73.98891235,MANHATTAN,RESIDENCE - PUBLIC HOUSING,344,101
1,2013,1,2,01/02/2013,6,4,2,1,1,6,40.68766922,-73.99077424,BROOKLYN,STREET,109,419
1,2013,1,2,01/02/2013,6,8,3,1,1,5,40.7180267,-73.99995816,MANHATTAN,CONSTRUCTION SITE,351,258
1,2013,1,2,01/02/2013,6,3,2,3,1,6,40.71171645,-73.99686328,MANHATTAN,RESIDENCE - PUBLIC HOUSING,106,109
1,2013,1,2,01/02/2013,6,4,2,1,1,5,40.73199197,-74.00342922,MANHATTAN,RESTAURANT/DINER,109,438
1,2013,1,2,01/02/2013,6,8,2,2,1,1,40.8712275,-73.91415294,MANHATTAN,PARKING LOT/GARAGE (PUBLIC),361,639
1,2013,1,2,01/02/2013,6,4,1,1,0,2,40.82065087,-73.92619526,BRONX,STREET,341,321
1,2013,1,2,01/02/2013,6,8,1,3,1,3,40.80033376,-73.9446023,MANHATTAN,RESIDENCE - PUBLIC HOUSING,361,639
1,2013,1,2,01/02/2013,6,6,3,1,0,4,40.78013353,-73.95303587,MANHATTAN,PARK/PLAYGROUND,235,508
1,2013,1,2,01/02/2013,6,4,1,3,0,4,40.75204466,-73.94272232,QUEENS,STREET,105,397
1,2013,1,2,01/02/2013,6,8,2,3,1,6,40.69255767,-73.9909719,BROOKLYN,TRANSIT - NYC SUBWAY,361,639
1,2013,1,2,01/02/2013,6,4,1,1,0,6,40.68566776,-73.98569051,BROOKLYN,STREET,105,397
1,2013,1,2,01/02/2013,6,4,3,1,1,5,40.73561761,-73.99266922,MANHATTAN,BANK,109,438
1,2013,1,2,01/02/2013,6,4,3,1,0,6,40.7140601,-73.99020065,MANHATTAN,TRANSIT - NYC SUBWAY,341,339
1,2013,1,2,01/02/2013,6,4,2,1,0,4,40.75043077,-73.98928218,MANHATTAN,CLOTHING/BOUTIQUE,341,333
1,2013,1,2,01/02/2013,6,8,3,1,0,6,40.68398609,-74.00153382,BROOKLYN,HIGHWAY/PARKWAY,348,916
1,2013,1,2,01/02/2013,6,8,2,1,1,3,40.80778062,-73.94548473,MANHATTAN,TRANSIT - NYC SUBWAY,359,750
1,2013,1,2,01/02/2013,6,4,2,3,1,2,40.84079512,-73.92319852,BRONX,STREET,105,386
1,2013,1,2,01/02/2013,6,8,2,1,0,5,40.73489554,-73.98995943,MANHATTAN,RESTAURANT/DINER,351,259
1,2013,1,2,01/02/2013,6,3,1,3,1,6,40.68406075,-73.97745929,BROOKLYN,STREET,344,101
1,2013,1,2,01/02/2013,6,2,2,3,1,2,40.82549764,-73.9512731,MANHATTAN,GROCERY/BODEGA,578,638
1,2013,1,2,01/02/2013,6,4,2,1,0,5,40.7474439,-73.98424807,MANHATTAN,STREET,341,321
1,2013,1,2,01/02/2013,6,2,3,1,1,4,40.7685239,-73.98713844,MANHATTAN,RESIDENCE - APT. HOUSE,578,638
1,2013,1,2,01/02/2013,6,8,2,3,0,5,40.74182566,-73.98627028,MANHATTAN,STREET,351,254
1,2013,1,2,01/02/2013,6,7,2,1,0,4,40.75346408,-73.99439974,MANHATTAN,PUBLIC BUILDING,340,707
1,2013,1,2,01/02/2013,6,6,1,3,1,3,40.80776038,-73.94334627,MANHATTAN,STREET,235,511
1,2013,1,2,01/02/2013,6,3,2,3,1,6,40.68848795,-73.97684841,BROOKLYN,RESIDENCE - APT. HOUSE,106,109
1,2013,1,2,01/02/2013,6,8,1,1,1,3,40.7867319,-73.94113247,MANHATTAN,RESIDENCE - APT. HOUSE,359,750
1,2013,1,2,01/02/2013,6,2,2,3,1,3,40.80445763,-73.94165138,MANHATTAN,STREET,578,637
1,2013,1,2,01/02/2013,6,2,3,3,1,6,40.7133002,-73.99817622,MANHATTAN,STREET,578,638
1,2013,1,2,01/02/2013,5,7,1,1,0,4,40.77365029,-73.95985695,MANHATTAN,TRANSIT - NYC SUBWAY,113,729
1,2013,1,2,01/02/2013,5,6,1,1,0,6,40.71164222,-73.99380809,MANHATTAN,PARK/PLAYGROUND,235,567
1,2013,1,2,01/02/2013,5,7,3,3,1,5,40.7264612,-73.99426852,MANHATTAN,RESIDENCE - APT. HOUSE,112,739
1,2013,1,2,01/02/2013,5,9,3,1,1,5,40.74601208,-73.99426323,MANHATTAN,STREET,126,198
1,2013,1,2,01/02/2013,5,2,1,3,1,2,40.82194375,-73.95251137,MANHATTAN,RESIDENCE - APT. HOUSE,578,637
1,2013,1,2,01/02/2013,5,4,1,3,0,3,40.80958939,-73.93994906,MANHATTAN,STREET,105,397
1,2013,1,2,01/02/2013,5,6,2,1,0,3,40.80575095,-73.94275558,MANHATTAN,STREET,235,567
1,2013,1,2,01/02/2013,5,3,1,3,0,6,40.69849966,-73.98656411,BROOKLYN,PUBLIC SCHOOL,344,101
1,2013,1,2,01/02/2013,5,4,2,1,1,3,40.7862719,-73.95591683,MANHATTAN,RESIDENCE-HOUSE,341,338
1,2013,1,2,01/02/2013,5,4,3,3,0,3,40.79506072,-73.97481775,MANHATTAN,STREET,341,339
3,2013,1,2,01/02/2013,5,4,3,1,0,4,40.75066421,-73.99086658,MANHATTAN,CLOTHING/BOUTIQUE,341,333
1,2013,1,2,01/02/2013,5,3,3,1,0,3,40.79882723,-73.96689202,MANHATTAN,STREET,344,101
4,2013,1,2,01/02/2013,5,4,2,1,1,4,40.75247977,-73.97952953,MANHATTAN,CHAIN STORE,341,333
1,2013,1,2,01/02/2013,5,2,3,1,1,3,40.79651172,-73.93659477,MANHATTAN,STREET,578,638
1,2013,1,2,01/02/2013,5,4,3,1,0,5,40.73283043,-73.98149123,MANHATTAN,HOSPITAL,341,338
1,2013,1,2,01/02/2013,5,9,3,3,0,4,40.76724286,-73.96453228,MANHATTAN,STREET,126,708
3,2013,1,2,01/02/2013,5,4,2,1,0,4,40.75382489,-73.98064441,MANHATTAN,CHAIN STORE,109,433
1,2013,1,2,01/02/2013,5,8,1,3,1,3,40.80177933,-73.96288127,MANHATTAN,RESIDENCE - APT. HOUSE,351,259
1,2013,1,2,01/02/2013,5,8,3,3,0,3,40.80177933,-73.96288127,MANHATTAN,RESIDENCE - APT. HOUSE,359,759
2,2013,1,2,01/02/2013,5,8,3,1,1,2,40.81948754,-73.92687939,BRONX,STREET,348,922
1,2013,1,2,01/02/2013,5,6,3,3,0,2,40.81948754,-73.92687939,BRONX,STREET,235,567
1,2013,1,2,01/02/2013,5,6,3,1,0,2,40.82988214,-73.9367581,MANHATTAN,RESIDENCE - PUBLIC HOUSING,235,511
1,2013,1,2,01/02/2013,5,2,3,3,0,6,40.68979733,-73.97751865,BROOKLYN,HOSPITAL,578,638
1,2013,1,2,01/02/2013,5,2,2,3,0,4,40.755789,-74.00198666,MANHATTAN,STREET,578,638
1,2013,1,2,01/02/2013,5,3,2,3,1,2,40.8483956,-73.93259467,MANHATTAN,RESIDENCE - APT. HOUSE,344,101
1,2013,1,2,01/02/2013,5,3,3,3,1,2,40.81860066,-73.95246318,MANHATTAN,RESIDENCE - APT. HOUSE,344,101
1,2013,1,2,01/02/2013,5,2,2,3,1,2,40.82065251,-73.95636013,MANHATTAN,RESIDENCE - APT. HOUSE,578,638
1,2013,1,2,01/02/2013,5,9,2,3,1,6,40.70818791,-73.9597016,BROOKLYN,RESIDENCE - PUBLIC HOUSING,126,198
1,2013,1,2,01/02/2013,5,4,3,1,1,3,40.7986333,-73.94162037,MANHATTAN,TRANSIT - NYC SUBWAY,343,475
1,2013,1,2,01/02/2013,5,8,2,1,1,2,40.81874277,-73.94491575,MANHATTAN,BEAUTY & NAIL SALON,351,258
3,2013,1,2,01/02/2013,4,4,2,1,1,5,40.73503562,-73.99123677,MANHATTAN,CHAIN STORE,341,333
1,2013,1,2,01/02/2013,4,3,1,3,0,6,40.70502402,-74.01297844,MANHATTAN,PUBLIC SCHOOL,344,101
1,2013,1,2,01/02/2013,4,2,3,1,1,3,40.81005831,-73.92514495,BRONX,STREET,578,638
1,2013,1,2,01/02/2013,4,4,2,3,1,5,40.72039542,-74.00104403,MANHATTAN,CLOTHING/BOUTIQUE,341,333
1,2013,1,2,01/02/2013,4,6,3,2,0,5,40.73756233,-73.98115072,MANHATTAN,STREET,117,515
2,2013,1,2,01/02/2013,4,4,2,3,1,4,40.75093623,-74.00404377,MANHATTAN,STREET,109,421
2,2013,1,2,01/02/2013,4,4,2,1,1,3,40.79362742,-73.97240579,MANHATTAN,CHAIN STORE,341,333
1,2013,1,2,01/02/2013,4,3,1,1,1,3,40.81229693,-73.92350234,BRONX,RESIDENCE - PUBLIC HOUSING,118,793
1,2013,1,2,01/02/2013,4,2,2,1,1,4,40.77216335,-73.9543701,MANHATTAN,RESIDENCE - APT. HOUSE,578,637
1,2013,1,2,01/02/2013,4,8,1,1,1,2,40.83960238,-73.93901847,MANHATTAN,HOSPITAL,361,639
1,2013,1,2,01/02/2013,4,3,3,3,1,6,40.70132337,-73.98179571,BROOKLYN,RESIDENCE - PUBLIC HOUSING,106,109
1,2013,1,2,01/02/2013,4,2,2,1,0,1,40.86663854,-73.93074312,MANHATTAN,RESIDENCE - APT. HOUSE,578,638
1,2013,1,2,01/02/2013,4,8,3,1,0,5,40.71780114,-74.01061086,MANHATTAN,RESIDENCE - APT. HOUSE,361,639
1,2013,1,2,01/02/2013,4,6,1,3,1,1,40.86702676,-73.91991426,MANHATTAN,RESIDENCE - APT. HOUSE,235,567
1,2013,1,2,01/02/2013,4,4,2,3,1,3,40.80747336,-73.94579563,MANHATTAN,RESTAURANT/DINER,109,438
1,2013,1,2,01/02/2013,4,4,2,3,1,6,40.6943809,-73.9765182,BROOKLYN,OTHER,109,438
1,2013,1,2,01/02/2013,4,4,3,1,0,5,40.7459902,-73.99613266,MANHATTAN,RESIDENCE - APT. HOUSE,109,438
1,2013,1,2,01/02/2013,4,4,3,1,0,3,40.814362,-73.9444967,MANHATTAN,RESIDENCE - APT. HOUSE,341,338
1,2013,1,2,01/02/2013,4,2,1,3,0,2,40.84655935,-73.92371234,BRONX,RESIDENCE - APT. HOUSE,578,637
1,2013,1,2,01/02/2013,4,2,3,1,0,5,40.74193608,-73.99351297,MANHATTAN,CHAIN STORE,578,638
1,2013,1,2,01/02/2013,4,8,2,3,1,3,40.80911538,-73.92288828,BRONX,STREET,361,639
1,2013,1,2,01/02/2013,3,8,3,1,0,5,40.74438116,-73.98752203,MANHATTAN,RESTAURANT/DINER,361,639
1,2013,1,2,01/02/2013,3,7,2,1,1,3,40.8124861,-73.94195864,MANHATTAN,GROCERY/BODEGA,340,718
1,2013,1,2,01/02/2013,3,4,2,3,1,3,40.78577798,-73.97455765,MANHATTAN,SHOE,341,338
1,2013,1,2,01/02/2013,3,3,1,3,0,1,40.86045297,-73.92787552,MANHATTAN,RESIDENCE - APT. HOUSE,344,101
1,2013,1,2,01/02/2013,3,2,2,3,1,2,40.82711561,-73.94803075,MANHATTAN,RESIDENCE - APT. HOUSE,578,638
1,2013,1,2,01/02/2013,2,4,3,2,0,4,40.76209175,-73.97882989,MANHATTAN,STREET,341,321
1,2013,1,2,01/02/2013,2,4,3,1,0,2,40.83198204,-73.92349055,BRONX,STREET,341,357
1,2013,1,2,01/02/2013,2,3,2,3,1,6,40.69586403,-73.98182245,BROOKLYN,RESIDENCE - APT. HOUSE,106,109
1,2013,1,2,01/02/2013,2,6,2,3,0,3,40.81173175,-73.928127,BRONX,STREET,235,569
1,2013,1,2,01/02/2013,1,9,2,3,1,4,40.76140476,-73.99967657,MANHATTAN,RESIDENCE - APT. HOUSE,126,198
1,2013,1,2,01/02/2013,1,4,1,3,0,4,40.75564868,-73.99095252,MANHATTAN,BANK,352,203
1,2013,1,2,01/02/2013,1,4,2,1,1,4,40.76110162,-73.98326299,MANHATTAN,STREET,341,301
1,2013,1,2,01/02/2013,1,3,1,3,0,3,40.8120449,-73.9285421,BRONX,STREET,118,793
1,2013,1,2,01/02/2013,1,6,2,1,0,5,40.72308563,-73.97647923,MANHATTAN,STREET,235,511
1,2013,1,2,01/02/2013,1,3,3,3,1,2,40.83667571,-73.92379956,BRONX,STREET,344,101
1,2013,1,2,01/02/2013,1,4,1,1,1,4,40.76005092,-73.93714206,QUEENS,RESIDENCE - PUBLIC HOUSING,352,205
1,2013,1,2,01/02/2013,1,4,2,3,1,5,40.74071565,-73.9788475,MANHATTAN,RESTAURANT/DINER,107,214
1,2013,1,2,01/02/2013,3,7,3,2,1,4,40.7486345,-73.94594817,QUEENS,COMMERCIAL BUILDING,112,739
1,2013,1,2,01/02/2013,4,7,3,1,0,3,40.80760489,-73.96698157,MANHATTAN,COMMERCIAL BUILDING,112,739
1,2013,1,2,01/02/2013,1,7,3,1,1,5,40.72187752,-74.00420434,MANHATTAN,COMMERCIAL BUILDING,113,729
1,2013,1,2,01/02/2013,5,8,3,3,0,6,40.71060755,-74.00369504,MANHATTAN,COMMERCIAL BUILDING,361,639
1,2013,1,2,01/02/2013,5,4,2,1,0,6,40.70644088,-74.00640352,MANHATTAN,COMMERCIAL BUILDING,341,338
1,2013,1,2,01/02/2013,4,4,3,3,0,6,40.70368491,-74.00966727,MANHATTAN,COMMERCIAL BUILDING,109,401
1,2013,1,2,01/02/2013,7,3,2,2,1,3,40.80959684,-73.9497856,MANHATTAN,COMMERCIAL BUILDING,106,109
1,2013,1,2,01/02/2013,6,8,3,1,1,4,40.75489069,-73.97144729,MANHATTAN,COMMERCIAL BUILDING,361,639
2,2013,1,2,01/02/2013,6,4,2,2,1,5,40.7298831,-73.98518671,MANHATTAN,COMMERCIAL BUILDING,105,399
1,2013,1,2,01/02/2013,4,8,3,1,1,4,40.76068323,-73.9764443,MANHATTAN,COMMERCIAL BUILDING,361,639
1,2013,1,2,01/02/2013,4,8,1,1,1,4,40.75350226,-73.99066406,MANHATTAN,COMMERCIAL BUILDING,361,639
1,2013,1,2,01/02/2013,4,2,2,2,1,5,40.71454253,-74.0156713,MANHATTAN,COMMERCIAL BUILDING,578,638
1,2013,1,2,01/02/2013,1,5,3,2,1,5,40.71668713,-74.00539084,MANHATTAN,COMMERCIAL BUILDING,114,263
1,2013,1,2,01/02/2013,4,4,2,2,1,4,40.76004854,-73.99146089,MANHATTAN,COMMERCIAL BUILDING,109,407
1,2013,1,2,01/02/2013,5,7,3,2,1,4,40.75279713,-73.99488345,MANHATTAN,PUBLIC BUILDING,112,739
3,2013,1,2,01/02/2013,4,4,2,1,0,4,40.77352983,-73.95337268,MANHATTAN,RESIDENCE - APT. HOUSE,341,338
1,2013,1,2,01/02/2013,8,4,3,1,0,4,40.76382147,-73.98195191,MANHATTAN,RESTAURANT/DINER,341,338
1,2013,1,2,01/02/2013,8,4,1,1,1,5,40.74223785,-73.99119252,MANHATTAN,DRUG STORE,341,333
1,2013,1,2,01/02/2013,6,9,2,3,1,5,40.71634415,-74.00125319,MANHATTAN,RESIDENCE-HOUSE,364,848
1,2013,1,2,01/02/2013,7,4,2,1,1,2,40.83502621,-73.92819941,BRONX,DEPARTMENT STORE,341,333
1,2013,1,2,01/02/2013,6,4,1,1,1,6,40.71009385,-74.01060963,MANHATTAN,DEPARTMENT STORE,341,333
1,2013,1,2,01/02/2013,6,4,1,2,1,4,40.75823237,-73.97743059,MANHATTAN,DEPARTMENT STORE,341,333
1,2013,1,2,01/02/2013,6,4,3,3,0,4,40.75823237,-73.97743059,MANHATTAN,DEPARTMENT STORE,341,333
1,2013,1,2,01/02/2013,5,4,3,2,1,5,40.74223785,-73.99119252,MANHATTAN,DEPARTMENT STORE,232,490
1,2013,1,2,01/02/2013,4,4,1,3,1,6,40.71009385,-74.01060963,MANHATTAN,DEPARTMENT STORE,107,211
1,2013,1,2,01/02/2013,4,4,2,1,1,6,40.71009385,-74.01060963,MANHATTAN,DEPARTMENT STORE,341,333
1,2013,1,2,01/02/2013,4,7,3,2,1,5,40.71696446,-73.99817612,MANHATTAN,DOCTOR/DENTIST OFFICE,113,729
1,2013,1,2,01/02/2013,5,4,2,3,1,4,40.76414873,-73.98661223,MANHATTAN,DOCTOR/DENTIST OFFICE,341,338
1,2013,1,2,01/02/2013,6,4,3,3,0,6,40.68827311,-73.99130421,BROOKLYN,GYM/FITNESS FACILITY,109,438
1,2013,1,2,01/02/2013,8,3,3,1,1,4,40.76055288,-73.96129791,MANHATTAN,SMALL MERCHANT,344,101
1,2013,1,2,01/02/2013,6,7,3,2,1,5,40.71965981,-74.00224532,MANHATTAN,SMALL MERCHANT,358,705
1,2013,1,2,01/02/2013,5,7,2,3,1,5,40.71965981,-74.00224532,MANHATTAN,SMALL MERCHANT,358,705
1,2013,1,2,01/02/2013,3,4,3,3,1,3,40.81041874,-73.9309389,BRONX,STORAGE FACILITY,341,338
1,2013,1,2,01/02/2013,6,4,2,3,0,5,40.72181718,-74.00259173,MANHATTAN,STORE UNCLASSIFIED,341,338
1,2013,1,2,01/02/2013,7,8,2,1,1,6,40.69022664,-73.98425437,BROOKLYN,TELECOMM. STORE,351,259
1,2013,1,2,01/02/2013,6,4,2,1,1,4,40.75664456,-73.98628528,MANHATTAN,TELECOMM. STORE,341,333
1,2013,1,2,01/02/2013,4,4,2,1,1,4,40.76359207,-73.96363536,MANHATTAN,RESIDENCE - APT. HOUSE,109,412
1,2013,1,2,01/02/2013,4,4,1,3,0,6,40.69491214,-73.98565607,BROOKLYN,,341,321
1,2013,1,2,01/02/2013,3,4,1,1,1,6,40.6948965,-73.99601662,BROOKLYN,OTHER,109,438
1,2013,1,3,01/03/2013,7,4,1,1,1,4,40.75111205,-73.97524942,MANHATTAN,FAST FOOD,341,338
2,2013,1,3,01/03/2013,5,4,2,3,1,4,40.7481137,-73.98480371,MANHATTAN,FAST FOOD,109,401
2,2013,1,3,01/03/2013,4,4,3,2,1,5,40.73111902,-73.99364391,MANHATTAN,FAST FOOD,109,438
1,2013,1,3,01/03/2013,3,5,3,3,0,4,40.78038838,-73.94584296,MANHATTAN,RESIDENCE - PUBLIC HOUSING,114,263
1,2013,1,3,01/03/2013,5,7,3,1,0,4,40.7593104,-73.99470607,MANHATTAN,RESIDENCE - APT. HOUSE,112,739
1,2013,1,3,01/03/2013,7,3,2,1,0,6,40.70382454,-74.01315133,MANHATTAN,FERRY/FERRY TERMINAL,236,782
1,2013,1,3,01/03/2013,8,4,2,1,0,4,40.77594229,-73.98225913,MANHATTAN,FOOD SUPERMARKET,341,333
3,2013,1,3,01/03/2013,7,4,2,1,1,5,40.73489554,-73.98995943,MANHATTAN,FOOD SUPERMARKET,341,333
1,2013,1,3,01/03/2013,6,4,3,2,0,3,40.79451509,-73.96632353,MANHATTAN,FOOD SUPERMARKET,341,338
1,2013,1,3,01/03/2013,4,4,3,3,0,2,40.83178613,-73.93052284,BRONX,RESIDENCE - APT. HOUSE,341,338
1,2013,1,3,01/03/2013,5,7,2,3,0,1,40.86731342,-73.91773014,MANHATTAN,RESIDENCE - APT. HOUSE,112,739
1,2013,1,3,01/03/2013,2,4,3,3,1,3,40.79848316,-73.94914747,MANHATTAN,RESIDENCE - PUBLIC HOUSING,109,405
1,2013,1,3,01/03/2013,4,4,3,1,0,6,40.68470242,-74.00409744,BROOKLYN,RESIDENCE-HOUSE,109,432
1,2013,1,3,01/03/2013,5,4,3,1,0,4,40.76387372,-73.96042599,MANHATTAN,RESIDENCE - APT. HOUSE,109,405
1,2013,1,3,01/03/2013,1,4,2,1,0,4,40.77877371,-73.97595045,MANHATTAN,RESIDENCE - APT. HOUSE,109,438
2,2013,1,3,01/03/2013,1,4,3,3,0,2,40.81850401,-73.93950386,MANHATTAN,RESIDENCE - APT. HOUSE,341,338
1,2013,1,3,01/03/2013,7,2,2,1,0,3,40.80069433,-73.94110929,MANHATTAN,RESIDENCE - APT. HOUSE,578,638
1,2013,1,3,01/03/2013,5,4,3,3,1,5,40.74126644,-74.00505361,MANHATTAN,RESTAURANT/DINER,109,438
1,2013,1,3,01/03/2013,6,4,1,3,0,3,40.7933236,-73.93892362,MANHATTAN,OTHER,341,338
1,2013,1,3,01/03/2013,6,3,3,1,0,5,40.72045033,-73.97491448,MANHATTAN,RESIDENCE - PUBLIC HOUSING,344,101
1,2013,1,3,01/03/2013,5,7,1,1,1,3,40.80938205,-73.92352737,BRONX,RESIDENCE - APT. HOUSE,112,739
2,2013,1,3,01/03/2013,6,4,2,1,1,6,40.69271257,-73.97905746,BROOKLYN,RESIDENCE - APT. HOUSE,109,438
1,2013,1,3,01/03/2013,1,5,1,1,1,5,40.71767878,-73.97811169,MANHATTAN,RESIDENCE - PUBLIC HOUSING,114,263
1,2013,1,3,01/03/2013,2,8,2,1,0,1,40.85164912,-73.92973939,MANHATTAN,RESIDENCE - APT. HOUSE,361,639
1,2013,1,3,01/03/2013,3,4,1,1,0,6,40.68101338,-73.99434453,BROOKLYN,STREET,341,343
1,2013,1,3,01/03/2013,4,4,1,3,0,4,40.76414873,-73.98661223,MANHATTAN,PUBLIC SCHOOL,341,338
1,2013,1,3,01/03/2013,5,2,1,1,1,3,40.79395166,-73.94926289,MANHATTAN,PUBLIC SCHOOL,578,637
2,2013,1,3,01/03/2013,7,4,2,3,1,3,40.79908632,-73.94761921,MANHATTAN,RESIDENCE - PUBLIC HOUSING,341,338
1,2013,1,3,01/03/2013,6,4,3,3,1,6,40.69105857,-73.98633122,BROOKLYN,RESIDENCE - APT. HOUSE,341,338
1,2013,1,3,01/03/2013,7,8,2,3,1,5,40.73307291,-73.98877621,MANHATTAN,RESIDENCE - APT. HOUSE,361,639
1,2013,1,3,01/03/2013,2,4,1,1,1,5,40.73420403,-74.00782786,MANHATTAN,RESTAURANT/DINER,107,213
1,2013,1,3,01/03/2013,7,4,2,3,0,4,40.77396895,-73.96061496,MANHATTAN,HOSPITAL,107,213
1,2013,1,3,01/03/2013,1,8,2,1,0,3,40.80067124,-73.94435641,MANHATTAN,GROCERY/BODEGA,351,258
1,2013,1,3,01/03/2013,8,8,2,2,0,5,40.74007215,-73.99005248,MANHATTAN,BAR/NIGHT CLUB,361,639
2,2013,1,3,01/03/2013,7,4,3,1,0,5,40.73422613,-74.00540669,MANHATTAN,OTHER,107,214
1,2013,1,3,01/03/2013,5,2,1,3,1,4,40.76406416,-73.99224373,MANHATTAN,PUBLIC SCHOOL,578,637
1,2013,1,3,01/03/2013,8,8,1,1,0,3,40.81300853,-73.95654577,MANHATTAN,RESIDENCE - PUBLIC HOUSING,361,639
1,2013,1,3,01/03/2013,7,4,2,1,1,1,40.85240128,-73.93460401,MANHATTAN,CHAIN STORE,341,333
1,2013,1,3,01/03/2013,5,4,3,1,1,6,40.68137298,-73.99527831,BROOKLYN,STREET,110,441
2,2013,1,3,01/03/2013,4,4,3,1,0,5,40.72025522,-74.00709028,MANHATTAN,CONSTRUCTION SITE,341,338
2,2013,1,3,01/03/2013,3,4,3,1,0,3,40.79113331,-73.97622045,MANHATTAN,RESIDENCE - APT. HOUSE,109,403
1,2013,1,3,01/03/2013,7,4,2,3,0,6,40.68809228,-74.00122742,BROOKLYN,STREET,341,357
1,2013,1,3,01/03/2013,4,3,3,3,0,2,40.8209643,-73.94147794,MANHATTAN,RESIDENCE - PUBLIC HOUSING,106,109
1,2013,1,3,01/03/2013,7,2,3,1,0,2,40.82573487,-73.92319061,BRONX,STREET,578,638
2,2013,1,3,01/03/2013,6,4,2,1,1,5,40.7335373,-73.99754061,MANHATTAN,RESIDENCE - APT. HOUSE,341,338
4,2013,1,3,01/03/2013,5,4,2,1,1,5,40.74625101,-73.99965138,MANHATTAN,RESIDENCE - APT. HOUSE,109,403
1,2013,1,3,01/03/2013,5,8,2,2,1,2,40.8210254,-73.93760474,MANHATTAN,STREET,351,254
1,2013,1,3,01/03/2013,1,4,1,1,1,5,40.73420403,-74.00782786,MANHATTAN,RESTAURANT/DINER,109,438
1,2013,1,3,01/03/2013,8,4,3,1,1,4,40.74911077,-73.99200727,MANHATTAN,STREET,109,439
1,2013,1,3,01/03/2013,7,8,2,1,0,4,40.77931023,-73.98326924,MANHATTAN,STREET,351,258
1,2013,1,3,01/03/2013,7,8,1,3,1,4,40.77798161,-73.98215749,MANHATTAN,STREET,351,258
1,2013,1,3,01/03/2013,5,8,3,1,0,5,40.72541278,-74.00369586,MANHATTAN,RESTAURANT/DINER,361,639
1,2013,1,3,01/03/2013,5,4,2,1,1,2,40.84585672,-73.93255026,MANHATTAN,RESIDENCE - APT. HOUSE,109,438
3,2013,1,3,01/03/2013,5,4,3,1,1,5,40.73613577,-73.9861632,MANHATTAN,RESIDENCE - APT. HOUSE,109,438
1,2013,1,3,01/03/2013,4,4,2,1,1,5,40.71634415,-74.00125319,MANHATTAN,OTHER,341,303
1,2013,1,3,01/03/2013,6,4,2,1,1,3,40.78521728,-73.97125373,MANHATTAN,RESIDENCE - APT. HOUSE,341,338
1,2013,1,3,01/03/2013,6,4,2,3,0,1,40.86628597,-73.92030562,MANHATTAN,DRUG STORE,341,338
3,2013,1,3,01/03/2013,8,4,2,1,0,5,40.73860123,-73.99383806,MANHATTAN,BAR/NIGHT CLUB,341,338
1,2013,1,3,01/03/2013,8,3,2,3,1,3,40.81139312,-73.92231487,BRONX,RESIDENCE - PUBLIC HOUSING,344,101
1,2013,1,3,01/03/2013,7,2,1,2,1,3,40.81485029,-73.95668185,MANHATTAN,RESIDENCE - APT. HOUSE,104,157
2,2013,1,3,01/03/2013,7,4,2,1,0,3,40.81039602,-73.92531075,BRONX,RESIDENCE - APT. HOUSE,341,338
1,2013,1,3,01/03/2013,6,7,2,1,1,4,40.76297132,-73.97186979,MANHATTAN,STREET,340,707
1,2013,1,3,01/03/2013,6,8,2,3,1,2,40.83294176,-73.93543259,MANHATTAN,RESIDENCE - PUBLIC HOUSING,361,639
1,2013,1,3,01/03/2013,5,3,2,1,0,5,40.71619591,-73.99749075,MANHATTAN,PUBLIC BUILDING,236,782
1,2013,1,3,01/03/2013,5,2,2,3,1,6,40.69520561,-73.98398274,BROOKLYN,PUBLIC SCHOOL,578,638
1,2013,1,3,01/03/2013,5,2,3,1,1,5,40.72351435,-73.97928228,MANHATTAN,STREET,578,638
1,2013,1,3,01/03/2013,5,2,2,1,0,4,40.7516067,-73.93968372,QUEENS,STREET,578,638
1,2013,1,3,01/03/2013,4,8,3,1,0,4,40.77379337,-73.93628063,QUEENS,RESIDENCE - PUBLIC HOUSING,351,256
1,2013,1,3,01/03/2013,3,3,1,3,0,3,40.80032103,-73.94671888,MANHATTAN,RESIDENCE - APT. HOUSE,236,782
2,2013,1,3,01/03/2013,8,6,3,1,1,3,40.81186236,-73.93550001,MANHATTAN,RESIDENCE - PUBLIC HOUSING,235,511
1,2013,1,3,01/03/2013,8,6,3,1,0,2,40.83263377,-73.92536528,BRONX,PARK/PLAYGROUND,235,511
1,2013,1,3,01/03/2013,8,4,3,1,1,2,40.81806387,-73.95541165,MANHATTAN,RESIDENCE - PUBLIC HOUSING,352,205
1,2013,1,3,01/03/2013,8,6,1,1,1,4,40.75535759,-73.98931026,MANHATTAN,STREET,235,567
1,2013,1,3,01/03/2013,8,4,2,1,1,3,40.79213089,-73.93617279,MANHATTAN,RESIDENCE - APT. HOUSE,341,338
1,2013,1,3,01/03/2013,8,3,2,1,1,2,40.83885866,-73.9446425,MANHATTAN,RESIDENCE - APT. HOUSE,344,113
1,2013,1,3,01/03/2013,8,2,2,1,1,6,40.69380792,-73.98012092,BROOKLYN,RESIDENCE - PUBLIC HOUSING,578,638
1,2013,1,3,01/03/2013,8,3,3,3,1,3,40.80164319,-73.96645357,MANHATTAN,RESIDENCE - APT. HOUSE,344,101
1,2013,1,3,01/03/2013,8,8,1,1,1,5,40.74071999,-74.0090267,MANHATTAN,STREET,355,115
1,2013,1,3,01/03/2013,8,9,3,3,1,3,40.81472921,-73.94920009,MANHATTAN,RESIDENCE - APT. HOUSE,126,198
2,2013,1,3,01/03/2013,8,4,1,1,0,1,40.85022332,-73.9321663,MANHATTAN,OTHER,341,338
1,2013,1,3,01/03/2013,8,4,2,1,0,6,40.68533217,-73.98070396,BROOKLYN,BAR/NIGHT CLUB,341,301
1,2013,1,3,01/03/2013,8,4,3,1,0,5,40.71905593,-74.00345742,MANHATTAN,RESIDENCE - APT. HOUSE,352,205
1,2013,1,3,01/03/2013,8,8,2,3,1,4,40.76481358,-73.99402335,MANHATTAN,RESIDENCE - APT. HOUSE,361,639
1,2013,1,3,01/03/2013,8,8,2,2,0,2,40.81570061,-73.94867911,MANHATTAN,STREET,351,254
1,2013,1,3,01/03/2013,8,6,2,2,0,6,40.7010164,-73.98479641,BROOKLYN,RESIDENCE - PUBLIC HOUSING,117,501
1,2013,1,3,01/03/2013,8,8,3,1,0,4,40.76387372,-73.96042599,MANHATTAN,PUBLIC BUILDING,351,259
1,2013,1,3,01/03/2013,8,3,3,1,1,3,40.78945773,-73.94174398,MANHATTAN,RESIDENCE - APT. HOUSE,106,109
1,2013,1,3,01/03/2013,7,8,2,3,0,3,40.81275557,-73.93763778,MANHATTAN,STREET,351,254
2,2013,1,3,01/03/2013,7,3,1,3,1,3,40.8066179,-73.93676576,MANHATTAN,OTHER,344,101
1,2013,1,3,01/03/2013,7,4,3,1,1,1,40.86988467,-73.9208979,MANHATTAN,STREET,341,321
1,2013,1,3,01/03/2013,7,8,3,1,1,2,40.84389288,-73.93493404,MANHATTAN,RESIDENCE - APT. HOUSE,359,749
1,2013,1,3,01/03/2013,7,2,3,3,1,2,40.82655623,-73.93801869,MANHATTAN,RESIDENCE - PUBLIC HOUSING,578,638
1,2013,1,3,01/03/2013,7,2,3,1,1,2,40.82649002,-73.94849013,MANHATTAN,RESIDENCE - APT. HOUSE,578,637
1,2013,1,3,01/03/2013,7,3,2,1,1,4,40.77880502,-73.98205978,MANHATTAN,TRANSIT - NYC SUBWAY,344,101
1,2013,1,3,01/03/2013,7,4,2,3,1,6,40.71307897,-73.95941728,BROOKLYN,STREET,341,321
3,2013,1,3,01/03/2013,7,8,2,1,1,2,40.81570061,-73.94867911,MANHATTAN,STREET,351,254
1,2013,1,3,01/03/2013,7,4,1,1,0,2,40.83876833,-73.93966252,MANHATTAN,STREET,341,338
1,2013,1,3,01/03/2013,6,4,1,2,1,4,40.75889507,-73.98483735,MANHATTAN,VARIETY STORE,341,338
1,2013,1,3,01/03/2013,6,2,3,3,0,3,40.78375346,-73.94590883,MANHATTAN,PUBLIC SCHOOL,578,637
1,2013,1,3,01/03/2013,5,2,2,1,1,2,40.83791677,-73.93834421,MANHATTAN,STREET,578,638
1,2013,1,3,01/03/2013,5,8,2,1,1,2,40.81889586,-73.92876597,BRONX,RESIDENCE - APT. HOUSE,361,639
1,2013,1,3,01/03/2013,5,4,2,1,0,3,40.80002795,-73.9716916,MANHATTAN,STREET,341,321
1,2013,1,3,01/03/2013,5,3,2,3,0,4,40.77379337,-73.93628063,QUEENS,RESIDENCE - PUBLIC HOUSING,106,109
1,2013,1,3,01/03/2013,5,2,3,3,1,3,40.80069433,-73.94110929,MANHATTAN,RESIDENCE - APT. HOUSE,104,157
1,2013,1,3,01/03/2013,5,3,2,1,0,6,40.71371933,-73.9860885,MANHATTAN,PUBLIC SCHOOL,236,782
2,2013,1,3,01/03/2013,5,4,1,1,1,3,40.80735219,-73.93947426,MANHATTAN,PUBLIC SCHOOL,360,661
1,2013,1,3,01/03/2013,4,4,2,1,1,1,40.85613779,-73.93632827,MANHATTAN,RESIDENCE - APT. HOUSE,107,221
1,2013,1,3,01/03/2013,4,8,2,3,1,2,40.81570061,-73.94867911,MANHATTAN,STREET,351,254
1,2013,1,3,01/03/2013,4,2,3,3,0,3,40.80033426,-73.94565697,MANHATTAN,RESIDENCE - APT. HOUSE,578,638
1,2013,1,3,01/03/2013,3,8,1,3,1,5,40.71863601,-74.0025411,MANHATTAN,STREET,351,258
1,2013,1,3,01/03/2013,3,4,2,1,1,5,40.72705694,-74.0018956,MANHATTAN,RESIDENCE - APT. HOUSE,107,224
1,2013,1,3,01/03/2013,3,8,3,3,1,3,40.79950882,-73.95359648,MANHATTAN,RESIDENCE - APT. HOUSE,361,639
1,2013,1,3,01/03/2013,2,8,2,3,1,3,40.81304537,-73.94626073,MANHATTAN,RESIDENCE - APT. HOUSE,361,639
1,2013,1,3,01/03/2013,1,3,2,1,1,5,40.74104964,-73.99601386,MANHATTAN,RESIDENCE - APT. HOUSE,106,105
1,2013,1,3,01/03/2013,1,8,3,1,0,2,40.81570061,-73.94867911,MANHATTAN,STREET,351,254
1,2013,1,3,01/03/2013,8,4,1,2,1,4,40.76141449,-73.98303549,MANHATTAN,RESTAURANT/DINER,341,338
1,2013,1,3,01/03/2013,8,4,2,3,1,3,40.81079991,-73.9350567,MANHATTAN,RESIDENCE - PUBLIC HOUSING,352,205
1,2013,1,3,01/03/2013,8,7,1,3,1,2,40.83867614,-73.93665216,MANHATTAN,STREET,113,729
1,2013,1,3,01/03/2013,8,6,2,1,0,2,40.82127121,-73.94608067,MANHATTAN,PARK/PLAYGROUND,235,567
1,2013,1,3,01/03/2013,8,9,2,3,1,4,40.76339149,-73.93752516,QUEENS,RESIDENCE - PUBLIC HOUSING,126,199
2,2013,1,3,01/03/2013,8,4,2,1,1,5,40.73273843,-73.99381695,MANHATTAN,STREET,109,419
2,2013,1,3,01/03/2013,8,4,2,1,0,3,40.80023233,-73.93939766,MANHATTAN,STREET,105,386
1,2013,1,3,01/03/2013,8,8,2,1,1,3,40.79578014,-73.96540193,MANHATTAN,RESIDENCE - PUBLIC HOUSING,351,259
1,2013,1,3,01/03/2013,8,6,3,3,1,3,40.8072407,-73.93630641,MANHATTAN,RESIDENCE - PUBLIC HOUSING,235,511
1,2013,1,3,01/03/2013,8,8,2,1,1,5,40.74104964,-73.99601386,MANHATTAN,RESIDENCE - APT. HOUSE,361,639
1,2013,1,3,01/03/2013,8,2,2,3,1,3,40.81194737,-73.95941841,MANHATTAN,RESIDENCE - APT. HOUSE,578,637
1,2013,1,3,01/03/2013,8,3,3,3,1,2,40.84029716,-73.92146434,BRONX,BEAUTY & NAIL SALON,236,782
1,2013,1,3,01/03/2013,8,6,1,3,0,3,40.81111643,-73.92732931,BRONX,TRANSIT - NYC SUBWAY,235,511
1,2013,1,3,01/03/2013,8,4,2,3,0,3,40.79366563,-73.97151734,MANHATTAN,RESIDENCE - APT. HOUSE,107,223
1,2013,1,3,01/03/2013,8,3,2,3,0,5,40.73398711,-73.99094464,MANHATTAN,STREET,118,793
1,2013,1,3,01/03/2013,8,6,3,2,0,2,40.82186241,-73.94264055,MANHATTAN,RESIDENCE - PUBLIC HOUSING,235,567
1,2013,1,3,01/03/2013,8,4,2,1,1,6,40.71003613,-74.01145366,MANHATTAN,STREET,109,419
1,2013,1,3,01/03/2013,8,3,2,1,1,3,40.79960129,-73.93986055,MANHATTAN,RESIDENCE - APT. HOUSE,344,114
2,2013,1,3,01/03/2013,7,4,3,3,1,4,40.75226445,-73.99155934,MANHATTAN,BAR/NIGHT CLUB,231,209
1,2013,1,3,01/03/2013,7,6,2,3,1,2,40.83820994,-73.92370745,BRONX,STREET,235,567
1,2013,1,3,01/03/2013,7,6,2,3,0,4,40.76062674,-73.93609108,QUEENS,RESIDENCE - PUBLIC HOUSING,235,567
1,2013,1,3,01/03/2013,7,4,3,1,0,3,40.79992373,-73.96237664,MANHATTAN,STREET,109,421
1,2013,1,3,01/03/2013,7,6,3,3,1,3,40.81079991,-73.9350567,MANHATTAN,RESIDENCE - PUBLIC HOUSING,235,511
1,2013,1,3,01/03/2013,7,3,2,3,1,5,40.72118408,-73.97942009,MANHATTAN,BEAUTY & NAIL SALON,344,101
1,2013,1,3,01/03/2013,7,4,3,1,1,3,40.79450123,-73.94463605,MANHATTAN,RESIDENCE - PUBLIC HOUSING,352,205
1,2013,1,3,01/03/2013,7,4,1,1,1,3,40.79450123,-73.94463605,MANHATTAN,RESIDENCE - PUBLIC HOUSING,352,205
2,2013,1,3,01/03/2013,7,4,2,1,1,4,40.7540411,-73.97720461,MANHATTAN,RESTAURANT/DINER,109,438
1,2013,1,3,01/03/2013,7,2,2,3,1,3,40.80909263,-73.92585406,BRONX,RESIDENCE - PUBLIC HOUSING,578,637
1,2013,1,3,01/03/2013,7,6,1,3,1,2,40.83836993,-73.92491794,BRONX,STREET,235,511
1,2013,1,3,01/03/2013,7,8,2,2,1,2,40.84644271,-73.93492793,MANHATTAN,STREET,359,759
1,2013,1,3,01/03/2013,7,4,2,1,0,6,40.69157213,-73.98906806,BROOKLYN,CLOTHING/BOUTIQUE,341,333
1,2013,1,3,01/03/2013,7,4,3,1,0,4,40.7521987,-73.99346505,MANHATTAN,TRANSIT - NYC SUBWAY,343,475
1,2013,1,3,01/03/2013,7,8,2,1,1,5,40.73975965,-74.00252386,MANHATTAN,STREET,351,258
1,2013,1,3,01/03/2013,7,4,2,1,1,6,40.69104827,-73.99455643,BROOKLYN,RESIDENCE - APT. HOUSE,341,339
1,2013,1,3,01/03/2013,7,6,3,2,0,3,40.81052442,-73.93821425,MANHATTAN,GROCERY/BODEGA,235,511
1,2013,1,3,01/03/2013,7,3,3,2,0,4,40.76370346,-73.93583543,QUEENS,RESIDENCE - PUBLIC HOUSING,344,101
2,2013,1,3,01/03/2013,7,6,3,3,0,4,40.76312824,-73.99293332,MANHATTAN,STREET,235,567
2,2013,1,3,01/03/2013,7,4,1,1,1,5,40.73521132,-73.9916914,MANHATTAN,TRANSIT - NYC SUBWAY,360,649
1,2013,1,3,01/03/2013,7,3,2,3,1,6,40.71351279,-73.98128377,MANHATTAN,RESIDENCE - PUBLIC HOUSING,236,782
1,2013,1,3,01/03/2013,7,4,3,3,1,3,40.80958939,-73.93994906,MANHATTAN,STREET,341,321
1,2013,1,3,01/03/2013,7,8,3,3,1,5,40.72229427,-73.98900891,MANHATTAN,RESIDENCE - PUBLIC HOUSING,351,259
1,2013,1,3,01/03/2013,7,4,2,1,0,4,40.75992358,-73.96778129,MANHATTAN,CHAIN STORE,341,333
1,2013,1,3,01/03/2013,7,2,2,2,1,6,40.71191364,-73.96294213,BROOKLYN,STREET,578,638
1,2013,1,3,01/03/2013,7,3,1,3,0,2,40.84108492,-73.93976884,MANHATTAN,TRANSIT - NYC SUBWAY,118,793
1,2013,1,3,01/03/2013,7,4,1,1,0,3,40.79414077,-73.94280529,MANHATTAN,STREET,341,339
1,2013,1,3,01/03/2013,7,4,2,1,1,3,40.78872124,-73.93999677,MANHATTAN,RESIDENCE - PUBLIC HOUSING,352,205
1,2013,1,3,01/03/2013,7,4,2,1,0,5,40.72868924,-73.98605651,MANHATTAN,CLOTHING/BOUTIQUE,341,333
2,2013,1,3,01/03/2013,7,7,3,1,1,4,40.75724053,-73.98979364,MANHATTAN,STREET,113,729
1,2013,1,3,01/03/2013,7,7,2,1,0,4,40.75724053,-73.98979364,MANHATTAN,STREET,113,729
1,2013,1,3,01/03/2013,7,4,2,1,0,2,40.81638391,-73.94835705,MANHATTAN,STREET,105,390
1,2013,1,3,01/03/2013,7,4,2,2,0,3,40.79414077,-73.94280529,MANHATTAN,STREET,341,339
1,2013,1,3,01/03/2013,7,4,3,1,0,6,40.71285169,-73.9838306,MANHATTAN,RESIDENCE - PUBLIC HOUSING,105,388
1,2013,1,3,01/03/2013,7,3,2,3,0,5,40.72678218,-73.99173574,MANHATTAN,OTHER,118,792
1,2013,1,3,01/03/2013,6,4,2,2,1,3,40.78872124,-73.93999677,MANHATTAN,RESIDENCE - PUBLIC HOUSING,352,205
1,2013,1,3,01/03/2013,6,4,3,1,0,4,40.76428633,-73.97301719,MANHATTAN,TRANSIT - NYC SUBWAY,231,209
1,2013,1,3,01/03/2013,6,8,3,1,1,2,40.82061401,-73.9435521,MANHATTAN,RESIDENCE - PUBLIC HOUSING,359,748
1,2013,1,3,01/03/2013,6,4,3,3,1,3,40.81043801,-73.95283747,MANHATTAN,BANK,109,415
1,2013,1,3,01/03/2013,6,6,3,3,0,3,40.78963253,-73.94006818,MANHATTAN,STREET,117,512
1,2013,1,3,01/03/2013,6,4,2,1,0,5,40.71526492,-74.01124173,MANHATTAN,GROCERY/BODEGA,109,433
4,2013,1,3,01/03/2013,6,4,2,1,1,4,40.75739617,-73.96962339,MANHATTAN,BANK,109,438
1,2013,1,3,01/03/2013,6,8,2,1,1,6,40.71285169,-73.9838306,MANHATTAN,RESIDENCE - PUBLIC HOUSING,359,750
1,2013,1,3,01/03/2013,6,6,3,3,0,2,40.8366898,-73.92866742,BRONX,RESIDENCE - PUBLIC HOUSING,235,567
1,2013,1,3,01/03/2013,6,3,3,1,0,4,40.77543411,-73.9519849,MANHATTAN,STREET,344,101
1,2013,1,3,01/03/2013,6,8,2,1,0,4,40.77543411,-73.9519849,MANHATTAN,RESTAURANT/DINER,361,639
1,2013,1,3,01/03/2013,6,4,1,3,1,5,40.72273062,-73.98824762,MANHATTAN,CLOTHING/BOUTIQUE,341,338
1,2013,1,3,01/03/2013,6,2,2,1,1,3,40.78621722,-73.94380515,MANHATTAN,RESIDENCE - PUBLIC HOUSING,578,637
1,2013,1,3,01/03/2013,6,4,2,1,1,2,40.82689898,-73.94267235,MANHATTAN,RESIDENCE - APT. HOUSE,109,419
1,2013,1,3,01/03/2013,6,6,3,3,0,6,40.71285169,-73.9838306,MANHATTAN,RESIDENCE - PUBLIC HOUSING,235,567
1,2013,1,3,01/03/2013,6,4,3,3,0,3,40.81181176,-73.93832865,MANHATTAN,STREET,341,321
1,2013,1,3,01/03/2013,6,2,3,1,1,5,40.72580457,-73.98662354,MANHATTAN,CHAIN STORE,578,637
1,2013,1,3,01/03/2013,6,2,1,3,0,2,40.8161746,-73.94679289,MANHATTAN,OTHER,578,638
1,2013,1,3,01/03/2013,6,8,3,3,1,3,40.80442807,-73.95537021,MANHATTAN,BUS (NYC TRANSIT),359,748
1,2013,1,3,01/03/2013,6,6,2,3,0,3,40.78884506,-73.94617554,MANHATTAN,RESIDENCE - PUBLIC HOUSING,235,567
1,2013,1,3,01/03/2013,6,4,2,1,1,1,40.84961753,-73.93352238,MANHATTAN,BEAUTY & NAIL SALON,109,438
1,2013,1,3,01/03/2013,6,4,3,1,0,5,40.72628949,-73.98033492,MANHATTAN,PARK/PLAYGROUND,341,338
1,2013,1,3,01/03/2013,6,3,1,3,0,2,40.83611758,-73.92237274,BRONX,STREET,236,782
1,2013,1,3,01/03/2013,6,6,3,1,0,4,40.75279713,-73.99488345,MANHATTAN,STREET,235,567
1,2013,1,3,01/03/2013,6,6,1,1,1,3,40.81489235,-73.92188088,BRONX,RESIDENCE - PUBLIC HOUSING,235,511
1,2013,1,3,01/03/2013,6,9,3,1,1,5,40.71673482,-73.95891364,BROOKLYN,STREET,678,275
1,2013,1,3,01/03/2013,6,4,1,1,0,2,40.82872387,-73.92319077,BRONX,STREET,105,397
2,2013,1,3,01/03/2013,6,4,1,1,0,6,40.71408764,-74.00861187,MANHATTAN,CHAIN STORE,352,203
1,2013,1,3,01/03/2013,6,4,2,3,1,3,40.81077277,-73.95259159,MANHATTAN,TRANSIT - NYC SUBWAY,232,490
1,2013,1,3,01/03/2013,6,2,2,1,0,5,40.73283707,-73.99119737,MANHATTAN,STREET,578,637
1,2013,1,3,01/03/2013,6,4,2,3,1,4,40.76332034,-73.9737179,MANHATTAN,CLOTHING/BOUTIQUE,109,433
1,2013,1,3,01/03/2013,6,3,1,3,1,2,40.82562175,-73.94642401,MANHATTAN,RESIDENCE - APT. HOUSE,344,101
1,2013,1,3,01/03/2013,6,4,1,2,0,6,40.68989111,-73.97997064,BROOKLYN,RESTAURANT/DINER,341,338
1,2013,1,3,01/03/2013,6,3,2,3,0,2,40.82562175,-73.94642401,MANHATTAN,RESIDENCE - APT. HOUSE,344,101
1,2013,1,3,01/03/2013,6,8,2,3,0,5,40.72544025,-73.99677244,MANHATTAN,TRANSIT - NYC SUBWAY,359,750
1,2013,1,3,01/03/2013,6,4,2,1,0,4,40.75247977,-73.97952953,MANHATTAN,CHAIN STORE,341,333
1,2013,1,3,01/03/2013,6,4,3,3,1,5,40.72229427,-73.98900891,MANHATTAN,RESIDENCE - PUBLIC HOUSING,109,419
1,2013,1,3,01/03/2013,6,8,2,3,1,3,40.78934789,-73.94735241,MANHATTAN,OTHER,361,639
1,2013,1,3,01/03/2013,6,8,3,1,0,3,40.80837414,-73.94688582,MANHATTAN,STREET,351,254
1,2013,1,3,01/03/2013,6,3,2,3,1,5,40.74291043,-73.99280555,MANHATTAN,TRANSIT - NYC SUBWAY,344,101
1,2013,1,3,01/03/2013,6,4,1,1,1,6,40.6943809,-73.9765182,BROOKLYN,OTHER,341,338
2,2013,1,3,01/03/2013,6,4,2,2,0,5,40.74018236,-73.99850026,MANHATTAN,CLOTHING/BOUTIQUE,341,338
1,2013,1,3,01/03/2013,6,4,2,3,0,4,40.75762436,-73.98567867,MANHATTAN,CHAIN STORE,341,333
1,2013,1,3,01/03/2013,6,2,2,1,1,2,40.84202175,-73.93629841,MANHATTAN,RESIDENCE - APT. HOUSE,578,638
1,2013,1,3,01/03/2013,5,4,2,1,0,5,40.72191851,-74.0076785,MANHATTAN,STREET,341,321
1,2013,1,3,01/03/2013,5,6,1,2,1,5,40.74095352,-74.00536754,MANHATTAN,STREET,235,511
1,2013,1,3,01/03/2013,5,3,1,3,1,3,40.78164001,-73.94590333,MANHATTAN,RESIDENCE - PUBLIC HOUSING,344,113
1,2013,1,3,01/03/2013,5,7,2,1,0,4,40.77513534,-73.98229184,MANHATTAN,STREET,340,707
1,2013,1,3,01/03/2013,5,3,3,1,0,3,40.79225307,-73.94418287,MANHATTAN,STREET,344,113
1,2013,1,3,01/03/2013,5,4,1,2,0,3,40.79558155,-73.93229782,MANHATTAN,CHAIN STORE,341,338
1,2013,1,3,01/03/2013,5,4,2,1,1,4,40.76529112,-73.99321106,MANHATTAN,PUBLIC SCHOOL,341,338
1,2013,1,3,01/03/2013,5,8,3,1,1,6,40.7103765,-74.01123369,MANHATTAN,TRANSIT - NYC SUBWAY,121,273
2,2013,1,3,01/03/2013,5,4,1,1,0,5,40.7391742,-73.98600379,MANHATTAN,PARK/PLAYGROUND,341,343
1,2013,1,3,01/03/2013,5,7,1,1,1,5,40.71843841,-74.00053174,MANHATTAN,STREET,358,705
1,2013,1,3,01/03/2013,5,6,2,2,0,3,40.80587901,-73.95280819,MANHATTAN,STREET,235,511
1,2013,1,3,01/03/2013,5,9,2,3,1,3,40.80587901,-73.95280819,MANHATTAN,STREET,126,760
1,2013,1,3,01/03/2013,5,4,3,1,1,4,40.75798914,-73.98365361,MANHATTAN,STREET,341,339
1,2013,1,3,01/03/2013,5,9,2,3,0,3,40.79481676,-73.94440825,MANHATTAN,TRANSIT - NYC SUBWAY,678,566
1,2013,1,3,01/03/2013,5,4,1,1,1,5,40.7208133,-73.97813591,MANHATTAN,RESIDENCE - PUBLIC HOUSING,352,205
1,2013,1,3,01/03/2013,5,7,2,1,1,4,40.74971458,-73.99156327,MANHATTAN,STREET,113,729
2,2013,1,3,01/03/2013,5,4,2,3,0,4,40.7521987,-73.99346505,MANHATTAN,TRANSIT - NYC SUBWAY,111,494
1,2013,1,3,01/03/2013,5,4,3,1,0,2,40.81739613,-73.92275947,BRONX,STREET,360,731
3,2013,1,3,01/03/2013,5,4,2,1,1,6,40.68446154,-73.97775121,BROOKLYN,CHAIN STORE,341,333
1,2013,1,3,01/03/2013,5,2,1,1,1,5,40.73521132,-73.9916914,MANHATTAN,TRANSIT - NYC SUBWAY,578,637
1,2013,1,3,01/03/2013,5,6,1,1,1,4,40.76195005,-73.93671792,QUEENS,RESIDENCE - PUBLIC HOUSING,235,511
1,2013,1,3,01/03/2013,5,4,3,3,0,2,40.82537604,-73.93809929,MANHATTAN,RESIDENCE - APT. HOUSE,107,221
1,2013,1,3,01/03/2013,4,4,1,1,0,6,40.68682762,-73.97820835,BROOKLYN,STREET,341,321
1,2013,1,3,01/03/2013,4,8,3,3,0,2,40.82284826,-73.92875813,BRONX,STREET,351,254
1,2013,1,3,01/03/2013,4,8,3,1,0,3,40.80614301,-73.96154954,MANHATTAN,STREET,348,916
1,2013,1,3,01/03/2013,4,4,1,1,1,6,40.6912892,-73.98690813,BROOKLYN,CHAIN STORE,341,333
1,2013,1,3,01/03/2013,4,2,3,1,1,5,40.73669807,-73.98331603,MANHATTAN,STREET,233,175
1,2013,1,3,01/03/2013,4,4,2,1,1,3,40.7868601,-73.9511786,MANHATTAN,STREET,109,419
2,2013,1,3,01/03/2013,4,4,3,2,1,4,40.75160025,-73.99204306,MANHATTAN,CHAIN STORE,341,333
1,2013,1,3,01/03/2013,4,4,1,1,1,3,40.7947231,-73.93340383,MANHATTAN,PUBLIC SCHOOL,341,338
1,2013,1,3,01/03/2013,4,7,2,3,0,6,40.68206715,-73.99086876,BROOKLYN,STREET,113,725
1,2013,1,3,01/03/2013,4,9,3,3,1,6,40.69347133,-73.98724307,BROOKLYN,PUBLIC BUILDING,126,198
2,2013,1,3,01/03/2013,4,8,2,1,1,3,40.80025209,-73.94043787,MANHATTAN,RESIDENCE - APT. HOUSE,359,749
1,2013,1,3,01/03/2013,4,8,2,3,0,2,40.82232314,-73.93666773,MANHATTAN,RESIDENCE - APT. HOUSE,361,639
1,2013,1,3,01/03/2013,4,4,1,3,1,5,40.73957294,-73.9952345,MANHATTAN,CLOTHING/BOUTIQUE,341,338
1,2013,1,3,01/03/2013,4,3,1,3,1,4,40.76414873,-73.98661223,MANHATTAN,PUBLIC SCHOOL,106,109
1,2013,1,3,01/03/2013,4,4,2,3,1,3,40.80438405,-73.93742167,MANHATTAN,TRANSIT - NYC SUBWAY,109,419
1,2013,1,3,01/03/2013,4,4,3,1,0,2,40.82284826,-73.92875813,BRONX,STREET,110,441
1,2013,1,3,01/03/2013,4,4,2,1,0,3,40.79481676,-73.94440825,MANHATTAN,TRANSIT - NYC SUBWAY,341,339
1,2013,1,3,01/03/2013,4,8,1,1,1,1,40.84962687,-73.93074276,MANHATTAN,RESIDENCE - APT. HOUSE,361,639
1,2013,1,3,01/03/2013,4,8,2,1,1,2,40.83070203,-73.92203938,BRONX,RESIDENCE - APT. HOUSE,361,639
1,2013,1,3,01/03/2013,4,8,2,3,0,3,40.79651172,-73.93659477,MANHATTAN,RESIDENCE-HOUSE,351,259
1,2013,1,3,01/03/2013,3,3,2,1,0,4,40.76223477,-73.96818808,MANHATTAN,TRANSIT - NYC SUBWAY,344,101
1,2013,1,3,01/03/2013,3,8,1,1,0,4,40.77365029,-73.95985695,MANHATTAN,STREET,348,916
1,2013,1,3,01/03/2013,3,2,2,3,1,3,40.80454714,-73.96656408,MANHATTAN,RESTAURANT/DINER,578,638
1,2013,1,3,01/03/2013,3,3,2,3,1,2,40.81632452,-73.93915179,MANHATTAN,RESIDENCE - APT. HOUSE,106,109
3,2013,1,3,01/03/2013,3,8,2,3,1,3,40.78749627,-73.94975171,MANHATTAN,RESIDENCE - PUBLIC HOUSING,351,259
1,2013,1,3,01/03/2013,3,8,3,1,1,4,40.77572915,-73.94874963,MANHATTAN,RESIDENCE - APT. HOUSE,361,639
1,2013,1,3,01/03/2013,3,2,2,1,1,6,40.70881819,-73.96499259,BROOKLYN,CHURCH,578,638
1,2013,1,3,01/03/2013,3,4,2,1,0,3,40.81411316,-73.94085537,MANHATTAN,TRANSIT - NYC SUBWAY,343,475
1,2013,1,3,01/03/2013,3,3,3,3,0,3,40.80339359,-73.93814501,MANHATTAN,OTHER,344,101
1,2013,1,3,01/03/2013,3,4,2,2,1,4,40.76289723,-73.98752578,MANHATTAN,DRUG STORE,341,333
1,2013,1,3,01/03/2013,3,4,1,3,0,3,40.80339359,-73.93814501,MANHATTAN,RESIDENCE - APT. HOUSE,105,390
1,2013,1,3,01/03/2013,3,8,2,1,1,3,40.79318869,-73.94349952,MANHATTAN,RESTAURANT/DINER,351,258
1,2013,1,3,01/03/2013,3,6,3,1,0,3,40.80012963,-73.93240155,MANHATTAN,RESIDENCE - PUBLIC HOUSING,117,521
1,2013,1,3,01/03/2013,2,4,2,3,0,2,40.84108492,-73.93976884,MANHATTAN,TRANSIT - NYC SUBWAY,232,490
1,2013,1,3,01/03/2013,2,3,2,1,0,1,40.85211133,-73.94156982,MANHATTAN,RESIDENCE - APT. HOUSE,106,109
1,2013,1,3,01/03/2013,2,7,2,1,1,4,40.76101447,-73.98889784,MANHATTAN,STREET,113,729
1,2013,1,3,01/03/2013,2,6,2,3,0,4,40.76101447,-73.98889784,MANHATTAN,STREET,235,508
1,2013,1,3,01/03/2013,2,6,3,3,1,4,40.76101447,-73.98889784,MANHATTAN,STREET,235,508
1,2013,1,3,01/03/2013,2,4,3,3,0,3,40.80084632,-73.94903009,MANHATTAN,RESIDENCE - PUBLIC HOUSING,105,388
1,2013,1,3,01/03/2013,2,8,2,1,1,5,40.71919318,-73.99689179,MANHATTAN,RESTAURANT/DINER,121,269
1,2013,1,3,01/03/2013,2,4,1,1,1,6,40.71091207,-74.00692697,MANHATTAN,JEWELRY,107,213
1,2013,1,3,01/03/2013,2,8,1,2,1,6,40.70112918,-73.98678357,BROOKLYN,STREET,347,905
1,2013,1,3,01/03/2013,2,3,3,1,0,5,40.723393,-73.97625544,MANHATTAN,RESIDENCE - APT. HOUSE,106,109
1,2013,1,3,01/03/2013,2,8,2,3,0,4,40.75226445,-73.99155934,MANHATTAN,STREET,359,759
1,2013,1,3,01/03/2013,2,3,2,1,1,5,40.74484992,-73.98288453,MANHATTAN,RESIDENCE - APT. HOUSE,344,101
1,2013,1,3,01/03/2013,2,8,3,1,1,4,40.75346408,-73.99439974,MANHATTAN,STREET,351,258
1,2013,1,3,01/03/2013,2,4,2,1,0,5,40.72766903,-74.00139051,MANHATTAN,STREET,105,397
1,2013,1,3,01/03/2013,2,4,1,1,0,6,40.70933388,-74.00597457,MANHATTAN,STREET,105,397
1,2013,1,3,01/03/2013,2,4,3,2,1,1,40.86702676,-73.91991426,MANHATTAN,RESIDENCE - APT. HOUSE,352,205
1,2013,1,3,01/03/2013,2,8,2,1,0,5,40.7194738,-73.9581183,BROOKLYN,RESIDENCE - APT. HOUSE,351,258
1,2013,1,3,01/03/2013,1,2,2,3,0,3,40.79094802,-73.94723197,MANHATTAN,STREET,578,637
1,2013,1,3,01/03/2013,1,6,1,3,0,2,40.82581778,-73.94897844,MANHATTAN,STREET,235,511
1,2013,1,3,01/03/2013,1,7,2,1,0,5,40.72226171,-74.0059144,MANHATTAN,STREET,340,707
1,2013,1,3,01/03/2013,1,6,2,3,1,1,40.86872382,-73.92525247,MANHATTAN,RESIDENCE - APT. HOUSE,235,511
1,2013,1,3,01/03/2013,1,8,2,3,0,3,40.7986333,-73.94162037,MANHATTAN,STREET,359,759
1,2013,1,3,01/03/2013,1,4,1,1,1,1,40.85926828,-73.93417068,MANHATTAN,PARK/PLAYGROUND,352,205
1,2013,1,3,01/03/2013,1,6,2,1,0,4,40.75615951,-73.99696226,MANHATTAN,STREET,235,511
1,2013,1,3,01/03/2013,1,2,1,3,1,3,40.79409373,-73.93681016,MANHATTAN,RESIDENCE - PUBLIC HOUSING,578,638
1,2013,1,3,01/03/2013,1,6,2,1,1,5,40.72848485,-73.97789166,MANHATTAN,RESIDENCE - PUBLIC HOUSING,235,567
1,2013,1,3,01/03/2013,1,4,2,1,0,5,40.72529546,-73.9779793,MANHATTAN,STREET,341,343
1,2013,1,3,01/03/2013,1,8,3,1,1,2,40.81806387,-73.95541165,MANHATTAN,RESIDENCE - PUBLIC HOUSING,351,259
1,2013,1,3,01/03/2013,1,4,2,1,1,5,40.72347155,-73.98686212,MANHATTAN,RESIDENCE - APT. HOUSE,341,338
1,2013,1,3,01/03/2013,1,3,2,2,1,5,40.72357334,-74.01085349,MANHATTAN,RESIDENCE - APT. HOUSE,106,105
1,2013,1,3,01/03/2013,1,8,2,3,0,2,40.83068979,-73.92426172,BRONX,STREET,351,254
1,2013,1,3,01/03/2013,1,8,2,3,1,2,40.8181375,-73.93676565,MANHATTAN,RESIDENCE - APT. HOUSE,361,639
1,2013,1,3,01/03/2013,1,3,3,1,1,3,40.78998994,-73.94688243,MANHATTAN,STREET,236,782
1,2013,1,3,01/03/2013,1,6,3,3,0,3,40.78872124,-73.93999677,MANHATTAN,RESIDENCE - PUBLIC HOUSING,235,508
1,2013,1,3,01/03/2013,1,3,2,3,0,3,40.8072407,-73.93630641,MANHATTAN,RESIDENCE - APT. HOUSE,344,101
1,2013,1,3,01/03/2013,5,7,3,1,0,5,40.73676439,-73.98675125,MANHATTAN,COMMERCIAL BUILDING,112,739
1,2013,1,3,01/03/2013,4,7,3,1,0,5,40.72281081,-74.00013493,MANHATTAN,COMMERCIAL BUILDING,112,739
1,2013,1,3,01/03/2013,4,4,1,2,0,5,40.72635146,-74.0046953,MANHATTAN,COMMERCIAL BUILDING,109,438
1,2013,1,3,01/03/2013,1,8,3,1,1,5,40.7268043,-74.00560452,MANHATTAN,COMMERCIAL BUILDING,351,258
1,2013,1,3,01/03/2013,8,8,3,3,0,5,40.71905593,-74.00345742,MANHATTAN,COMMERCIAL BUILDING,351,258
1,2013,1,3,01/03/2013,7,4,2,2,0,4,40.7497038,-74.00493515,MANHATTAN,COMMERCIAL BUILDING,341,338
1,2013,1,3,01/03/2013,6,3,2,3,1,2,40.82807612,-73.93677066,MANHATTAN,COMMERCIAL BUILDING,344,101
1,2013,1,3,01/03/2013,6,7,3,1,1,5,40.71881993,-74.00018904,MANHATTAN,COMMERCIAL BUILDING,358,705
1,2013,1,3,01/03/2013,5,7,3,3,0,5,40.71918772,-74.00158153,MANHATTAN,COMMERCIAL BUILDING,358,705
1,2013,1,3,01/03/2013,5,7,3,1,1,5,40.71918772,-74.00158153,MANHATTAN,COMMERCIAL BUILDING,358,705
1,2013,1,3,01/03/2013,5,2,1,3,0,6,40.7063278,-74.01288131,MANHATTAN,COMMERCIAL BUILDING,578,638
1,2013,1,3,01/03/2013,5,4,3,3,0,5,40.71677776,-74.00411384,MANHATTAN,COMMERCIAL BUILDING,341,338
1,2013,1,3,01/03/2013,4,4,3,2,0,6,40.68901618,-73.98413567,BROOKLYN,COMMERCIAL BUILDING,341,338
1,2013,1,3,01/03/2013,4,8,2,1,1,4,40.76008732,-73.9750295,MANHATTAN,COMMERCIAL BUILDING,361,639
1,2013,1,3,01/03/2013,3,4,3,3,0,4,40.7497038,-74.00493515,MANHATTAN,COMMERCIAL BUILDING,341,338
1,2013,1,3,01/03/2013,2,8,1,3,1,4,40.75226445,-73.99155934,MANHATTAN,COMMERCIAL BUILDING,351,258
1,2013,1,3,01/03/2013,4,7,2,1,1,2,40.82372287,-73.95384697,MANHATTAN,RESIDENCE - APT. HOUSE,340,718
1,2013,1,3,01/03/2013,7,8,2,3,1,1,40.85240128,-73.93460401,MANHATTAN,CHAIN STORE,121,269
1,2013,1,3,01/03/2013,3,3,1,1,0,3,40.79000689,-73.94791887,MANHATTAN,STREET,344,101
1,2013,1,3,01/03/2013,8,8,2,3,1,5,40.72480073,-73.99731725,MANHATTAN,DEPARTMENT STORE,121,268
1,2013,1,3,01/03/2013,7,4,2,3,1,5,40.73621859,-73.99098402,MANHATTAN,DEPARTMENT STORE,341,333
1,2013,1,3,01/03/2013,7,4,3,3,1,6,40.69086638,-73.98584806,BROOKLYN,DEPARTMENT STORE,109,419
1,2013,1,3,01/03/2013,7,4,2,3,1,4,40.75043077,-73.98928218,MANHATTAN,DEPARTMENT STORE,341,333
1,2013,1,3,01/03/2013,7,4,3,3,0,5,40.74018236,-73.99850026,MANHATTAN,DEPARTMENT STORE,341,333
2,2013,1,3,01/03/2013,6,4,2,1,0,6,40.71009385,-74.01060963,MANHATTAN,DEPARTMENT STORE,341,333
1,2013,1,3,01/03/2013,5,4,2,1,0,6,40.69086638,-73.98584806,BROOKLYN,DEPARTMENT STORE,341,333
1,2013,1,3,01/03/2013,5,4,3,1,0,5,40.73957294,-73.9952345,MANHATTAN,DEPARTMENT STORE,341,333
1,2013,1,3,01/03/2013,4,8,2,1,1,5,40.72237714,-74.00103324,MANHATTAN,DEPARTMENT STORE,361,639
2,2013,1,3,01/03/2013,3,8,1,3,0,3,40.79256861,-73.94395509,MANHATTAN,DEPARTMENT STORE,351,258
1,2013,1,3,01/03/2013,3,8,3,3,0,3,40.78933095,-73.94631599,MANHATTAN,DEPARTMENT STORE,351,258
1,2013,1,3,01/03/2013,6,4,2,3,0,3,40.80967744,-73.94594556,MANHATTAN,DOCTOR/DENTIST OFFICE,109,438
1,2013,1,3,01/03/2013,5,2,2,1,1,6,40.71169972,-74.00834824,MANHATTAN,DOCTOR/DENTIST OFFICE,578,638
1,2013,1,3,01/03/2013,4,8,3,1,1,3,40.80161235,-73.94366574,MANHATTAN,DOCTOR/DENTIST OFFICE,361,639
1,2013,1,3,01/03/2013,8,8,3,1,1,5,40.7440305,-74.00127176,MANHATTAN,HOTEL/MOTEL,361,639
1,2013,1,3,01/03/2013,8,4,2,2,0,5,40.7454109,-73.99284137,MANHATTAN,HOTEL/MOTEL,109,438
1,2013,1,3,01/03/2013,3,4,2,1,1,4,40.76266321,-73.98212549,MANHATTAN,HOTEL/MOTEL,109,438
1,2013,1,3,01/03/2013,8,4,2,2,1,6,40.70978884,-74.01379094,MANHATTAN,HOTEL/MOTEL,341,338
1,2013,1,3,01/03/2013,8,4,3,2,1,4,40.76204022,-73.9825805,MANHATTAN,HOTEL/MOTEL,341,338
1,2013,1,3,01/03/2013,7,7,3,2,0,4,40.75002197,-73.99133946,MANHATTAN,HOTEL/MOTEL,113,729
1,2013,1,3,01/03/2013,4,7,2,3,0,4,40.7525308,-73.99322319,MANHATTAN,HOTEL/MOTEL,358,705
1,2013,1,3,01/03/2013,6,4,2,3,1,5,40.7239599,-73.98506537,MANHATTAN,SMALL MERCHANT,341,343
1,2013,1,3,01/03/2013,5,4,2,3,0,6,40.68735857,-73.98591731,BROOKLYN,STORAGE FACILITY,341,349
1,2013,1,3,01/03/2013,6,2,2,1,1,6,40.69137629,-73.98152077,BROOKLYN,,578,638
1,2013,1,3,01/03/2013,5,8,3,3,1,2,40.81756137,-73.92786058,BRONX,,361,639
1,2013,1,3,01/03/2013,5,9,1,3,1,1,40.85402741,-73.92752823,MANHATTAN,RESIDENCE - APT. HOUSE,678,633
3,2013,1,4,01/04/2013,5,4,3,1,0,4,40.76449662,-73.95996716,MANHATTAN,PARKING LOT/GARAGE (PRIVATE),109,438
1,2013,1,4,01/04/2013,6,4,3,1,1,5,40.74054946,-73.98720158,MANHATTAN,FAST FOOD,341,338
2,2013,1,4,01/04/2013,5,4,2,1,1,6,40.68978705,-73.98138418,BROOKLYN,FAST FOOD,109,438
1,2013,1,4,01/04/2013,7,4,2,2,1,4,40.77498199,-73.9538627,MANHATTAN,CHAIN STORE,109,405
1,2013,1,4,01/04/2013,4,4,3,3,0,2,40.81809841,-73.94628917,MANHATTAN,STREET,109,405
1,2013,1,4,01/04/2013,5,8,3,1,1,2,40.83610528,-73.93838202,MANHATTAN,RESIDENCE - APT. HOUSE,361,639
1,2013,1,4,01/04/2013,6,4,1,1,1,3,40.7949806,-73.97254969,MANHATTAN,FOOD SUPERMARKET,105,377
1,2013,1,4,01/04/2013,4,2,2,1,0,4,40.75671786,-73.98063996,MANHATTAN,BAR/NIGHT CLUB,578,638
1,2013,1,4,01/04/2013,7,2,1,1,1,2,40.8399082,-73.93608359,MANHATTAN,RESIDENCE - APT. HOUSE,104,157
3,2013,1,4,01/04/2013,7,4,2,1,1,5,40.74405511,-74.0049636,MANHATTAN,RESIDENCE - APT. HOUSE,109,438
2,2013,1,4,01/04/2013,4,4,2,1,0,4,40.75865397,-73.9626815,MANHATTAN,RESIDENCE - APT. HOUSE,109,405
1,2013,1,4,01/04/2013,8,8,3,1,1,5,40.72152075,-73.99758074,MANHATTAN,RESTAURANT/DINER,351,259
1,2013,1,4,01/04/2013,7,3,1,3,0,6,40.68345291,-73.98721253,BROOKLYN,RESIDENCE - PUBLIC HOUSING,344,101
1,2013,1,4,01/04/2013,6,2,2,1,1,2,40.81968114,-73.94423213,MANHATTAN,STREET,578,638
1,2013,1,4,01/04/2013,6,4,3,3,0,4,40.7597468,-73.97422467,MANHATTAN,STREET,341,303
1,2013,1,4,01/04/2013,5,8,2,1,1,5,40.71532752,-74.01577609,MANHATTAN,RESIDENCE - APT. HOUSE,361,639
1,2013,1,4,01/04/2013,5,8,3,3,0,3,40.81273051,-73.95447234,MANHATTAN,HOSPITAL,361,639
1,2013,1,4,01/04/2013,6,7,2,1,1,2,40.84687359,-73.93992263,MANHATTAN,RESIDENCE - APT. HOUSE,112,739
1,2013,1,4,01/04/2013,5,9,3,3,1,6,40.68261982,-73.97785639,BROOKLYN,RESIDENCE-HOUSE,126,198
1,2013,1,4,01/04/2013,8,2,3,1,1,2,40.82430453,-73.92267557,BRONX,RESIDENCE - APT. HOUSE,578,638
1,2013,1,4,01/04/2013,6,2,3,3,1,3,40.80708541,-73.94383088,MANHATTAN,RESIDENCE - APT. HOUSE,578,638
1,2013,1,4,01/04/2013,6,4,3,3,1,5,40.74344838,-73.97376183,MANHATTAN,HOSPITAL,109,438
1,2013,1,4,01/04/2013,5,2,1,3,0,4,40.77227332,-73.98811612,MANHATTAN,PUBLIC SCHOOL,578,638
2,2013,1,4,01/04/2013,8,8,2,3,1,3,40.79460426,-73.94781415,MANHATTAN,RESIDENCE - PUBLIC HOUSING,351,259
1,2013,1,4,01/04/2013,7,4,3,2,0,1,40.8685856,-73.92373769,MANHATTAN,STREET,341,321
1,2013,1,4,01/04/2013,5,8,3,1,1,5,40.74415117,-73.97436784,MANHATTAN,RESIDENCE - APT. HOUSE,361,639
1,2013,1,4,01/04/2013,3,4,2,2,0,6,40.70537309,-74.00767299,MANHATTAN,CHAIN STORE,341,333
2,2013,1,4,01/04/2013,1,4,2,1,1,5,40.72754003,-73.99940975,MANHATTAN,BAR/NIGHT CLUB,109,438
2,2013,1,4,01/04/2013,6,4,2,3,1,2,40.81638224,-73.93929625,MANHATTAN,CANDY STORE,341,338
1,2013,1,4,01/04/2013,6,2,1,3,0,6,40.71135117,-73.99208033,MANHATTAN,RESIDENCE - PUBLIC HOUSING,578,638
1,2013,1,4,01/04/2013,6,4,1,1,0,2,40.84109492,-73.93792925,MANHATTAN,STREET,341,301
1,2013,1,4,01/04/2013,5,4,2,1,0,6,40.68809976,-73.98678616,BROOKLYN,CLOTHING/BOUTIQUE,341,333
1,2013,1,4,01/04/2013,4,4,2,1,1,4,40.78119824,-73.9596177,MANHATTAN,BANK,109,438
1,2013,1,4,01/04/2013,2,8,2,3,1,2,40.82061401,-73.9435521,MANHATTAN,RESIDENCE - PUBLIC HOUSING,359,749
1,2013,1,4,01/04/2013,2,4,2,2,0,4,40.75626621,-73.99050125,MANHATTAN,BUS TERMINAL,109,439
1,2013,1,4,01/04/2013,8,8,2,1,1,4,40.77669456,-73.96087692,MANHATTAN,RESIDENCE - APT. HOUSE,361,639
3,2013,1,4,01/04/2013,7,4,2,1,0,3,40.7876939,-73.97501915,MANHATTAN,RESIDENCE - APT. HOUSE,341,313
2,2013,1,4,01/04/2013,5,4,3,1,1,4,40.74943967,-73.98692557,MANHATTAN,CLOTHING/BOUTIQUE,109,419
1,2013,1,4,01/04/2013,4,4,3,1,1,6,40.68380918,-73.98297591,BROOKLYN,RESIDENCE - APT. HOUSE,341,338
1,2013,1,4,01/04/2013,2,2,1,1,1,5,40.7426993,-73.99865538,MANHATTAN,RESIDENCE - APT. HOUSE,104,157
1,2013,1,4,01/04/2013,1,4,3,1,1,3,40.79455237,-73.96259276,MANHATTAN,RESIDENCE - APT. HOUSE,109,405
2,2013,1,4,01/04/2013,7,4,2,1,1,4,40.74876701,-73.98531966,MANHATTAN,CLOTHING/BOUTIQUE,341,338
2,2013,1,4,01/04/2013,7,4,2,1,0,5,40.73563969,-74.00503153,MANHATTAN,CLOTHING/BOUTIQUE,109,407
1,2013,1,4,01/04/2013,6,3,1,3,1,3,40.80677264,-73.95005865,MANHATTAN,RESIDENCE - APT. HOUSE,106,109
1,2013,1,4,01/04/2013,6,4,3,1,0,6,40.71024404,-74.01700849,MANHATTAN,RESIDENCE - APT. HOUSE,109,403
1,2013,1,4,01/04/2013,5,4,1,2,0,5,40.74285848,-74.00212341,MANHATTAN,PUBLIC SCHOOL,341,338
2,2013,1,4,01/04/2013,5,8,2,1,0,4,40.76263677,-73.97316587,MANHATTAN,OTHER,361,639
1,2013,1,4,01/04/2013,5,6,2,3,0,2,40.83684728,-73.9456922,MANHATTAN,STREET,235,569
1,2013,1,4,01/04/2013,5,8,2,1,0,6,40.7093305,-74.01348786,MANHATTAN,STREET,361,639
2,2013,1,4,01/04/2013,5,4,2,1,1,5,40.74699161,-73.95516327,QUEENS,CONSTRUCTION SITE,341,339
1,2013,1,4,01/04/2013,5,8,2,1,1,3,40.79708858,-73.94274858,MANHATTAN,RESIDENCE - PUBLIC HOUSING,361,639
1,2013,1,4,01/04/2013,3,4,3,1,1,3,40.78391606,-73.94733504,MANHATTAN,RESIDENCE - APT. HOUSE,341,338
1,2013,1,4,01/04/2013,8,5,3,1,0,5,40.72595355,-74.00124977,MANHATTAN,RESIDENCE-HOUSE,114,263
2,2013,1,4,01/04/2013,8,4,2,1,0,4,40.77931023,-73.98326924,MANHATTAN,RESIDENCE - APT. HOUSE,341,338
1,2013,1,4,01/04/2013,8,8,2,1,0,3,40.81463174,-73.94610772,MANHATTAN,RESIDENCE - APT. HOUSE,351,259
3,2013,1,4,01/04/2013,7,4,3,3,1,3,40.81054022,-73.94797867,MANHATTAN,STREET,341,338
1,2013,1,4,01/04/2013,6,4,3,1,0,5,40.74057995,-73.99029418,MANHATTAN,BANK,341,338
2,2013,1,4,01/04/2013,6,8,3,3,1,3,40.80056181,-73.95819731,MANHATTAN,TRANSIT - NYC SUBWAY,351,259
1,2013,1,4,01/04/2013,6,4,3,1,1,2,40.81981776,-73.95543576,MANHATTAN,RESIDENCE - APT. HOUSE,341,338
3,2013,1,4,01/04/2013,6,4,2,1,1,4,40.75817684,-73.97438049,MANHATTAN,CONSTRUCTION SITE,107,214
1,2013,1,4,01/04/2013,6,4,3,2,1,6,40.7010164,-73.98479641,BROOKLYN,RESIDENCE - PUBLIC HOUSING,105,384
3,2013,1,4,01/04/2013,5,4,2,1,1,4,40.77732844,-73.96041438,MANHATTAN,PUBLIC SCHOOL,341,338
1,2013,1,4,01/04/2013,5,4,1,3,1,4,40.77732844,-73.96041438,MANHATTAN,PUBLIC SCHOOL,341,338
1,2013,1,4,01/04/2013,4,4,1,1,1,3,40.80134878,-73.93815775,MANHATTAN,PARKING LOT/GARAGE (PRIVATE),341,338
1,2013,1,4,01/04/2013,3,2,1,1,1,4,40.76469267,-73.9917888,MANHATTAN,STREET,578,637
1,2013,1,4,01/04/2013,3,4,2,1,0,1,40.85021949,-73.93033731,MANHATTAN,RESIDENCE - APT. HOUSE,107,221
1,2013,1,4,01/04/2013,3,8,2,3,1,2,40.8313939,-73.93571596,MANHATTAN,RESIDENCE - PUBLIC HOUSING,361,639
2,2013,1,4,01/04/2013,8,4,1,1,1,5,40.72598064,-73.99080141,MANHATTAN,BAR/NIGHT CLUB,109,438
1,2013,1,4,01/04/2013,8,2,2,3,1,3,40.81464181,-73.944193,MANHATTAN,RESTAURANT/DINER,578,637
2,2013,1,4,01/04/2013,8,4,2,3,0,4,40.749992,-73.99507134,MANHATTAN,BAR/NIGHT CLUB,341,338
1,2013,1,4,01/04/2013,8,4,2,3,0,6,40.69438208,-73.98329055,BROOKLYN,RESIDENCE - APT. HOUSE,109,438
3,2013,1,4,01/04/2013,7,4,3,3,0,2,40.83918903,-73.94114026,MANHATTAN,HOSPITAL,341,338
1,2013,1,4,01/04/2013,7,4,1,1,1,2,40.82494952,-73.94691595,MANHATTAN,STREET,341,339
1,2013,1,4,01/04/2013,6,8,2,3,1,3,40.80456023,-73.94968826,MANHATTAN,STREET,351,254
1,2013,1,4,01/04/2013,5,2,1,3,1,2,40.82445866,-73.93690056,MANHATTAN,STREET,578,638
1,2013,1,4,01/04/2013,5,8,2,3,1,5,40.72742782,-73.97640915,MANHATTAN,RESIDENCE - PUBLIC HOUSING,361,639
1,2013,1,4,01/04/2013,4,8,2,1,1,4,40.77669456,-73.96087692,MANHATTAN,RESIDENCE - APT. HOUSE,361,639
1,2013,1,4,01/04/2013,4,2,3,3,1,3,40.80708541,-73.94383088,MANHATTAN,OTHER,578,637
1,2013,1,4,01/04/2013,8,3,1,1,0,3,40.81411316,-73.94085537,MANHATTAN,TRANSIT - NYC SUBWAY,236,782
1,2013,1,4,01/04/2013,8,4,2,1,0,4,40.76039969,-73.98934555,MANHATTAN,BAR/NIGHT CLUB,341,338
1,2013,1,4,01/04/2013,8,8,3,1,0,6,40.68180991,-73.97681107,BROOKLYN,BAR/NIGHT CLUB,348,916
1,2013,1,4,01/04/2013,8,7,2,3,1,2,40.82556421,-73.92666676,BRONX,GROCERY/BODEGA,113,729
1,2013,1,4,01/04/2013,8,8,2,2,0,2,40.82525899,-73.92579269,BRONX,GROCERY/BODEGA,345,683
1,2013,1,4,01/04/2013,8,3,2,2,0,3,40.78882119,-73.94221039,MANHATTAN,RESIDENCE - APT. HOUSE,106,109
1,2013,1,4,01/04/2013,8,4,3,1,0,4,40.74943967,-73.98692557,MANHATTAN,CLOTHING/BOUTIQUE,341,333
1,2013,1,4,01/04/2013,8,8,1,3,1,6,40.68406075,-73.97745929,BROOKLYN,TRANSIT - NYC SUBWAY,359,750
1,2013,1,4,01/04/2013,8,4,3,2,1,5,40.71891958,-73.95871388,BROOKLYN,STREET,341,321
2,2013,1,4,01/04/2013,8,4,2,3,1,5,40.71996387,-73.98794868,MANHATTAN,RESTAURANT/DINER,341,338
2,2013,1,4,01/04/2013,8,3,3,1,0,3,40.80025258,-73.94140946,MANHATTAN,RESIDENCE - APT. HOUSE,344,101
1,2013,1,4,01/04/2013,8,4,1,1,1,4,40.77754207,-73.95199422,MANHATTAN,BAR/NIGHT CLUB,341,338
1,2013,1,4,01/04/2013,8,8,2,2,1,2,40.82556421,-73.92666676,BRONX,GROCERY/BODEGA,345,683
1,2013,1,4,01/04/2013,8,4,2,1,1,5,40.71802118,-73.99751954,MANHATTAN,RESIDENCE - APT. HOUSE,107,221
1,2013,1,4,01/04/2013,8,8,1,1,1,6,40.7087741,-73.99853343,MANHATTAN,RESIDENCE - PUBLIC HOUSING,361,639
1,2013,1,4,01/04/2013,8,9,3,1,1,4,40.7548175,-73.94401933,QUEENS,STREET,126,760
1,2013,1,4,01/04/2013,8,4,2,1,0,3,40.80177933,-73.96288127,MANHATTAN,STREET,341,321
1,2013,1,4,01/04/2013,8,4,3,1,1,5,40.7251905,-73.99812178,MANHATTAN,RESTAURANT/DINER,341,338
1,2013,1,4,01/04/2013,8,2,3,3,1,2,40.82430453,-73.92267557,BRONX,RESIDENCE - APT. HOUSE,578,638
1,2013,1,4,01/04/2013,8,3,3,1,1,6,40.71135117,-73.99208033,MANHATTAN,RESIDENCE - PUBLIC HOUSING,236,782
2,2013,1,4,01/04/2013,8,4,3,1,0,5,40.72039542,-74.00104403,MANHATTAN,BOOK/CARD,107,213
1,2013,1,4,01/04/2013,8,4,2,2,1,5,40.74497112,-73.98604588,MANHATTAN,STREET,341,321
1,2013,1,4,01/04/2013,8,4,1,2,0,5,40.74296418,-73.98223182,MANHATTAN,STREET,109,421
1,2013,1,4,01/04/2013,7,2,2,3,1,2,40.8399082,-73.93608359,MANHATTAN,PARK/PLAYGROUND,104,157
2,2013,1,4,01/04/2013,7,8,2,1,1,3,40.80012963,-73.93240155,MANHATTAN,RESIDENCE - PUBLIC HOUSING,361,639
2,2013,1,4,01/04/2013,7,3,2,3,1,3,40.80264049,-73.94707461,MANHATTAN,RESIDENCE-HOUSE,106,105
2,2013,1,4,01/04/2013,7,4,2,3,0,5,40.72498721,-73.99323681,MANHATTAN,STREET,109,421
1,2013,1,4,01/04/2013,7,8,3,3,1,5,40.74430732,-73.99021785,MANHATTAN,PUBLIC BUILDING,361,639
1,2013,1,4,01/04/2013,7,8,2,1,0,4,40.76400671,-73.99600527,MANHATTAN,STREET,121,267
1,2013,1,4,01/04/2013,7,4,3,1,1,1,40.86812805,-73.92497835,MANHATTAN,STREET,341,321
2,2013,1,4,01/04/2013,7,8,3,1,1,6,40.68571385,-73.98168098,BROOKLYN,CLOTHING/BOUTIQUE,351,259
1,2013,1,4,01/04/2013,7,8,3,1,0,6,40.70923938,-74.01750238,MANHATTAN,BEAUTY & NAIL SALON,361,639
1,2013,1,4,01/04/2013,7,8,2,3,1,2,40.82655623,-73.93801869,MANHATTAN,RESIDENCE - PUBLIC HOUSING,361,639
1,2013,1,4,01/04/2013,7,8,1,3,0,6,40.71135117,-73.99208033,MANHATTAN,RESIDENCE - PUBLIC HOUSING,361,639
1,2013,1,4,01/04/2013,6,4,3,1,0,3,40.8010626,-73.97122522,MANHATTAN,STREET,341,321
1,2013,1,4,01/04/2013,6,8,2,1,0,1,40.8663577,-73.92929723,MANHATTAN,STREET,351,254
1,2013,1,4,01/04/2013,6,2,2,3,1,2,40.81806387,-73.95541165,MANHATTAN,RESIDENCE - PUBLIC HOUSING,578,638
1,2013,1,4,01/04/2013,5,8,3,3,1,1,40.87061049,-73.91489857,MANHATTAN,GAS STATION,351,254
1,2013,1,4,01/04/2013,5,8,3,1,1,1,40.87061049,-73.91489857,MANHATTAN,GAS STATION,351,254
1,2013,1,4,01/04/2013,5,2,3,1,1,5,40.74430732,-73.99021785,MANHATTAN,OTHER,578,637
3,2013,1,4,01/04/2013,5,4,3,1,1,3,40.79657114,-73.96718569,MANHATTAN,STREET,341,321
1,2013,1,4,01/04/2013,5,2,2,1,0,3,40.79152941,-73.94059374,MANHATTAN,RESIDENCE - APT. HOUSE,578,638
2,2013,1,4,01/04/2013,5,4,2,1,0,3,40.79301864,-73.97484741,MANHATTAN,RESIDENCE - APT. HOUSE,341,338
1,2013,1,4,01/04/2013,4,3,3,2,0,4,40.75081749,-73.97148874,MANHATTAN,RESTAURANT/DINER,106,109
3,2013,1,4,01/04/2013,4,4,3,1,1,4,40.77206182,-73.96199885,MANHATTAN,RESIDENCE - APT. HOUSE,109,438
1,2013,1,4,01/04/2013,3,2,1,3,0,3,40.79465929,-73.97178778,MANHATTAN,TRANSIT - NYC SUBWAY,578,638
1,2013,1,4,01/04/2013,1,9,2,1,1,2,40.83321704,-73.92755452,BRONX,STREET,126,117
1,2013,1,4,01/04/2013,1,8,3,1,1,3,40.79746752,-73.93287016,MANHATTAN,STREET,351,258
1,2013,1,4,01/04/2013,8,7,3,2,1,4,40.76717676,-73.96380668,MANHATTAN,STREET,358,705
1,2013,1,4,01/04/2013,8,2,3,1,1,5,40.72924273,-73.97969543,MANHATTAN,RESIDENCE - APT. HOUSE,578,637
1,2013,1,4,01/04/2013,8,4,2,3,0,5,40.74563069,-73.99824751,MANHATTAN,DRUG STORE,341,333
1,2013,1,4,01/04/2013,8,6,2,2,0,2,40.82875219,-73.93837438,MANHATTAN,GROCERY/BODEGA,235,508
1,2013,1,4,01/04/2013,8,4,3,1,0,2,40.83221591,-73.94943608,MANHATTAN,STREET,110,451
1,2013,1,4,01/04/2013,8,3,2,1,0,3,40.81426765,-73.94818529,MANHATTAN,STREET,118,793
1,2013,1,4,01/04/2013,8,2,2,3,0,5,40.73635599,-73.99336917,MANHATTAN,STREET,578,637
1,2013,1,4,01/04/2013,8,4,2,2,1,4,40.77700184,-73.98281489,MANHATTAN,CHAIN STORE,341,333
1,2013,1,4,01/04/2013,8,4,2,1,0,6,40.68902742,-73.98615855,BROOKLYN,TRANSIT - NYC SUBWAY,109,419
1,2013,1,4,01/04/2013,8,2,2,3,0,3,40.79644422,-73.96491762,MANHATTAN,RESIDENCE - PUBLIC HOUSING,578,638
1,2013,1,4,01/04/2013,8,7,2,1,0,3,40.78447207,-73.97736753,MANHATTAN,PUBLIC BUILDING,112,489
1,2013,1,4,01/04/2013,8,3,2,3,0,6,40.70981957,-73.99177392,MANHATTAN,STREET,236,782
1,2013,1,4,01/04/2013,8,8,2,1,1,5,40.73137039,-73.98256326,MANHATTAN,STREET,351,258
1,2013,1,4,01/04/2013,8,9,2,3,1,1,40.86208594,-73.92341615,MANHATTAN,RESIDENCE - APT. HOUSE,126,198
1,2013,1,4,01/04/2013,8,8,3,1,0,2,40.82969208,-73.94065362,MANHATTAN,RESIDENCE - APT. HOUSE,361,639
1,2013,1,4,01/04/2013,8,8,2,3,0,5,40.7317148,-74.00095761,MANHATTAN,TRANSIT - NYC SUBWAY,359,750
1,2013,1,4,01/04/2013,8,3,1,3,0,3,40.7999925,-73.94274247,MANHATTAN,STREET,236,782
1,2013,1,4,01/04/2013,8,4,1,1,1,2,40.81927017,-73.95197495,MANHATTAN,RESIDENCE - APT. HOUSE,352,205
1,2013,1,4,01/04/2013,7,6,3,3,1,3,40.81186236,-73.93550001,MANHATTAN,RESIDENCE - PUBLIC HOUSING,235,567
1,2013,1,4,01/04/2013,7,4,1,3,0,3,40.79581483,-73.93710107,MANHATTAN,RESIDENCE - PUBLIC HOUSING,352,205
1,2013,1,4,01/04/2013,7,4,2,1,0,6,40.69050758,-73.9952993,BROOKLYN,BAR/NIGHT CLUB,109,438
1,2013,1,4,01/04/2013,7,8,2,1,0,2,40.82404,-73.94475961,MANHATTAN,TRANSIT - NYC SUBWAY,359,759
1,2013,1,4,01/04/2013,7,6,3,1,0,3,40.80069433,-73.94110929,MANHATTAN,OTHER,235,567
1,2013,1,4,01/04/2013,7,2,3,3,1,2,40.81573205,-73.94542041,MANHATTAN,STREET,233,175
1,2013,1,4,01/04/2013,7,7,3,2,1,3,40.79164294,-73.96256189,MANHATTAN,PARK/PLAYGROUND,113,723
1,2013,1,4,01/04/2013,7,9,2,1,0,4,40.76041323,-73.98747571,MANHATTAN,STREET,126,760
1,2013,1,4,01/04/2013,7,4,2,3,0,3,40.81186236,-73.93550001,MANHATTAN,RESIDENCE - PUBLIC HOUSING,105,390
1,2013,1,4,01/04/2013,7,7,2,3,0,4,40.75664204,-73.98837158,MANHATTAN,PUBLIC BUILDING,113,729
1,2013,1,4,01/04/2013,7,8,1,2,1,2,40.83899828,-73.93851306,MANHATTAN,RESIDENCE - APT. HOUSE,359,759
2,2013,1,4,01/04/2013,7,4,2,1,0,4,40.75992358,-73.96778129,MANHATTAN,CHAIN STORE,341,333
1,2013,1,4,01/04/2013,7,9,2,1,1,4,40.74859275,-73.97709099,MANHATTAN,RESIDENCE - APT. HOUSE,126,198
1,2013,1,4,01/04/2013,7,6,1,3,1,3,40.79634124,-73.94119982,MANHATTAN,RESIDENCE - PUBLIC HOUSING,235,567
1,2013,1,4,01/04/2013,7,6,3,1,0,4,40.76101447,-73.98889784,MANHATTAN,STREET,235,567
1,2013,1,4,01/04/2013,7,3,1,1,0,2,40.82725327,-73.92404883,BRONX,TUNNEL,106,109
1,2013,1,4,01/04/2013,7,3,2,2,1,2,40.83885866,-73.9446425,MANHATTAN,RESIDENCE - APT. HOUSE,344,113
1,2013,1,4,01/04/2013,7,4,1,1,0,3,40.7938729,-73.94509523,MANHATTAN,RESIDENCE - PUBLIC HOUSING,352,205
1,2013,1,4,01/04/2013,7,2,1,1,1,3,40.78405987,-73.97502051,MANHATTAN,TRANSIT - NYC SUBWAY,116,177
1,2013,1,4,01/04/2013,7,3,2,1,1,3,40.81476324,-73.95880616,MANHATTAN,RESIDENCE - PUBLIC HOUSING,344,101
1,2013,1,4,01/04/2013,7,6,2,1,1,3,40.79152941,-73.94059374,MANHATTAN,OTHER,235,567
1,2013,1,4,01/04/2013,7,4,1,2,1,4,40.76397622,-73.97324114,MANHATTAN,CHAIN STORE,341,333
1,2013,1,4,01/04/2013,7,4,2,1,1,3,40.78405987,-73.97502051,MANHATTAN,TRANSIT - NYC SUBWAY,109,419
1,2013,1,4,01/04/2013,7,9,3,3,1,3,40.81308866,-73.95797991,MANHATTAN,RESIDENCE - PUBLIC HOUSING,126,117
1,2013,1,4,01/04/2013,7,3,3,1,0,6,40.68566271,-73.9898082,BROOKLYN,RESIDENCE-HOUSE,106,109
1,2013,1,4,01/04/2013,7,8,2,2,0,3,40.79356836,-73.96701381,MANHATTAN,STREET,348,916
1,2013,1,4,01/04/2013,7,6,3,1,1,3,40.79679044,-73.93940441,MANHATTAN,RESIDENCE - PUBLIC HOUSING,235,567
1,2013,1,4,01/04/2013,7,3,3,3,0,2,40.81595938,-73.95727362,MANHATTAN,RESIDENCE - PUBLIC HOUSING,106,106
1,2013,1,4,01/04/2013,7,3,2,1,0,2,40.83158129,-73.92770807,BRONX,RESIDENCE - APT. HOUSE,344,101
1,2013,1,4,01/04/2013,7,3,2,3,0,3,40.7999393,-73.94066569,MANHATTAN,STREET,236,782
1,2013,1,4,01/04/2013,7,3,1,3,0,4,40.75475885,-73.93677889,QUEENS,STREET,344,101
1,2013,1,4,01/04/2013,7,4,3,1,1,5,40.72089168,-73.98881794,MANHATTAN,CLOTHING/BOUTIQUE,341,338
1,2013,1,4,01/04/2013,7,2,1,3,1,3,40.81374054,-73.93691794,MANHATTAN,RESIDENCE - APT. HOUSE,578,637
2,2013,1,4,01/04/2013,7,3,2,1,1,2,40.82487478,-73.95172882,MANHATTAN,RESIDENCE - APT. HOUSE,344,101
1,2013,1,4,01/04/2013,7,3,1,1,0,3,40.78872124,-73.93999677,MANHATTAN,RESIDENCE - PUBLIC HOUSING,236,782
2,2013,1,4,01/04/2013,7,3,3,1,1,3,40.78694446,-73.94357343,MANHATTAN,RESIDENCE - PUBLIC HOUSING,118,793
1,2013,1,4,01/04/2013,7,4,3,1,0,3,40.81039602,-73.92531075,BRONX,TRANSIT - NYC SUBWAY,109,419
1,2013,1,4,01/04/2013,7,2,2,3,1,3,40.79772717,-73.94650786,MANHATTAN,RESIDENCE - PUBLIC HOUSING,578,637
1,2013,1,4,01/04/2013,6,3,2,1,0,2,40.8366898,-73.92866742,BRONX,RESIDENCE - PUBLIC HOUSING,236,782
1,2013,1,4,01/04/2013,6,7,2,1,1,3,40.80276251,-73.93357278,MANHATTAN,STREET,113,723
1,2013,1,4,01/04/2013,6,4,2,3,1,3,40.78872124,-73.93999677,MANHATTAN,RESIDENCE - PUBLIC HOUSING,352,205
1,2013,1,4,01/04/2013,6,4,3,1,1,3,40.79189277,-73.94848439,MANHATTAN,RESIDENCE - PUBLIC HOUSING,352,205
3,2013,1,4,01/04/2013,6,4,2,1,1,3,40.78872124,-73.93999677,MANHATTAN,RESIDENCE - PUBLIC HOUSING,352,205
1,2013,1,4,01/04/2013,6,4,2,2,1,6,40.68446154,-73.97775121,BROOKLYN,CHAIN STORE,341,338
1,2013,1,4,01/04/2013,6,3,3,3,1,6,40.69586403,-73.98182245,BROOKLYN,RESIDENCE - APT. HOUSE,344,101
1,2013,1,4,01/04/2013,6,6,2,1,1,6,40.69449438,-73.98173627,BROOKLYN,RESIDENCE - PUBLIC HOUSING,235,567
1,2013,1,4,01/04/2013,6,4,2,1,0,4,40.7540766,-73.97630948,MANHATTAN,RESTAURANT/DINER,341,338
1,2013,1,4,01/04/2013,6,3,2,3,1,2,40.8366898,-73.92866742,BRONX,RESIDENCE - PUBLIC HOUSING,236,782
1,2013,1,4,01/04/2013,6,4,2,2,0,4,40.74876701,-73.98531966,MANHATTAN,CLOTHING/BOUTIQUE,341,333
1,2013,1,4,01/04/2013,6,6,3,3,0,3,40.80130374,-73.93610621,MANHATTAN,STREET,117,505
1,2013,1,4,01/04/2013,6,6,3,2,1,3,40.80130374,-73.93610621,MANHATTAN,STREET,235,511
1,2013,1,4,01/04/2013,6,8,2,3,0,6,40.71033548,-74.0095456,MANHATTAN,TRANSIT - NYC SUBWAY,361,639
1,2013,1,4,01/04/2013,6,4,2,3,1,6,40.69043531,-73.98476997,BROOKLYN,STREET,341,313
1,2013,1,4,01/04/2013,6,2,2,3,1,6,40.69505973,-73.98125289,BROOKLYN,RESIDENCE - PUBLIC HOUSING,578,638
1,2013,1,4,01/04/2013,6,4,2,3,0,3,40.78872124,-73.93999677,MANHATTAN,RESIDENCE - PUBLIC HOUSING,352,205
1,2013,1,4,01/04/2013,6,4,1,1,1,4,40.75755409,-73.97582095,MANHATTAN,CLOTHING/BOUTIQUE,341,333
4,2013,1,4,01/04/2013,6,4,2,1,1,5,40.71592401,-73.99311148,MANHATTAN,RESIDENCE - APT. HOUSE,352,205
1,2013,1,4,01/04/2013,6,6,2,2,0,3,40.80877794,-73.9231307,BRONX,RESIDENCE - PUBLIC HOUSING,117,515
1,2013,1,4,01/04/2013,6,8,2,3,0,2,40.84800706,-73.93469508,MANHATTAN,STREET,121,267
1,2013,1,4,01/04/2013,6,3,1,2,1,3,40.7818783,-73.97740813,MANHATTAN,STREET,236,782
1,2013,1,4,01/04/2013,6,4,1,1,0,4,40.77481726,-73.9844149,MANHATTAN,STREET,105,386
1,2013,1,4,01/04/2013,6,2,2,3,0,3,40.80983907,-73.95141461,MANHATTAN,OTHER,578,638
1,2013,1,4,01/04/2013,6,2,1,3,0,3,40.80983907,-73.95141461,MANHATTAN,OTHER,578,638
1,2013,1,4,01/04/2013,6,4,2,3,1,4,40.75012867,-73.98753178,MANHATTAN,CLOTHING/BOUTIQUE,341,333
1,2013,1,4,01/04/2013,6,8,3,3,0,3,40.79651172,-73.93659477,MANHATTAN,STREET,343,478
1,2013,1,4,01/04/2013,6,3,1,3,0,6,40.69577009,-73.97825231,BROOKLYN,RESIDENCE - PUBLIC HOUSING,106,106
1,2013,1,4,01/04/2013,6,3,3,1,0,6,40.69577009,-73.97825231,BROOKLYN,RESIDENCE - PUBLIC HOUSING,118,793
1,2013,1,4,01/04/2013,6,4,3,1,1,4,40.75691625,-73.98596397,MANHATTAN,RESTAURANT/DINER,109,401
1,2013,1,4,01/04/2013,6,4,1,3,1,2,40.84724318,-73.93813677,MANHATTAN,STREET,105,397
1,2013,1,4,01/04/2013,6,4,1,1,0,6,40.71154309,-74.01046558,MANHATTAN,TRANSIT - NYC SUBWAY,109,419
1,2013,1,4,01/04/2013,6,4,2,2,0,5,40.74747149,-73.98527303,MANHATTAN,RESTAURANT/DINER,109,438
1,2013,1,4,01/04/2013,6,8,3,1,1,3,40.79591169,-73.94992233,MANHATTAN,RESIDENCE - APT. HOUSE,361,639
1,2013,1,4,01/04/2013,6,4,3,3,1,4,40.75664204,-73.98837158,MANHATTAN,CHAIN STORE,341,338
1,2013,1,4,01/04/2013,6,8,3,2,0,4,40.76662449,-73.98666228,MANHATTAN,TAXI (YELLOW LICENSED),351,254
1,2013,1,4,01/04/2013,6,6,2,1,0,6,40.70988271,-74.0080811,MANHATTAN,STREET,235,567
1,2013,1,4,01/04/2013,6,3,2,2,0,5,40.72955609,-73.98243023,MANHATTAN,STREET,118,793
1,2013,1,4,01/04/2013,6,6,2,1,0,3,40.80709811,-73.94177189,MANHATTAN,STREET,235,567
1,2013,1,4,01/04/2013,6,3,1,3,1,5,40.74033568,-73.9731135,MANHATTAN,STREET,344,101
1,2013,1,4,01/04/2013,6,2,2,1,1,3,40.79584721,-73.94691026,MANHATTAN,OTHER,578,638
1,2013,1,4,01/04/2013,5,6,3,3,0,2,40.817863,-73.94766946,MANHATTAN,TRANSIT - NYC SUBWAY,235,511
1,2013,1,4,01/04/2013,5,4,1,1,0,3,40.78535095,-73.98043664,MANHATTAN,RESIDENCE - APT. HOUSE,341,338
1,2013,1,4,01/04/2013,5,4,1,3,1,5,40.73088837,-73.9921646,MANHATTAN,STREET,109,419
2,2013,1,4,01/04/2013,5,4,2,3,1,4,40.74943967,-73.98692557,MANHATTAN,CLOTHING/BOUTIQUE,341,333
1,2013,1,4,01/04/2013,5,4,3,3,1,5,40.71733227,-73.9989517,MANHATTAN,JEWELRY,109,438
1,2013,1,4,01/04/2013,5,4,2,2,1,5,40.7382196,-73.99201218,MANHATTAN,CLOTHING/BOUTIQUE,341,333
1,2013,1,4,01/04/2013,5,6,3,1,1,3,40.80541295,-73.94196119,MANHATTAN,STREET,235,567
1,2013,1,4,01/04/2013,5,8,3,1,1,3,40.79492317,-73.97345623,MANHATTAN,RESIDENCE - APT. HOUSE,361,639
1,2013,1,4,01/04/2013,5,2,1,3,0,3,40.79746752,-73.93287016,MANHATTAN,RESIDENCE - APT. HOUSE,578,638
1,2013,1,4,01/04/2013,5,6,3,3,0,3,40.80608515,-73.9414549,MANHATTAN,STREET,235,567
1,2013,1,4,01/04/2013,5,7,1,1,0,6,40.70430761,-74.01323077,MANHATTAN,STREET,358,705
1,2013,1,4,01/04/2013,5,3,2,1,0,2,40.8262258,-73.94688964,MANHATTAN,CANDY STORE,344,101
2,2013,1,4,01/04/2013,5,4,3,3,1,4,40.75099905,-73.99062471,MANHATTAN,TRANSIT - NYC SUBWAY,343,475
1,2013,1,4,01/04/2013,5,2,3,3,1,3,40.80337107,-73.93711199,MANHATTAN,OTHER,578,637
1,2013,1,4,01/04/2013,5,3,3,1,1,5,40.74333499,-73.98407943,MANHATTAN,TRANSIT - NYC SUBWAY,344,113
1,2013,1,4,01/04/2013,5,4,3,1,0,5,40.74470568,-73.99706744,MANHATTAN,RESIDENCE - PUBLIC HOUSING,109,405
1,2013,1,4,01/04/2013,5,4,3,3,0,3,40.79347915,-73.93725857,MANHATTAN,STREET,341,349
1,2013,1,4,01/04/2013,5,4,1,1,1,4,40.76620625,-73.97954698,MANHATTAN,STREET,109,419
1,2013,1,4,01/04/2013,5,2,1,1,1,1,40.85592098,-73.92709238,MANHATTAN,PUBLIC SCHOOL,578,638
1,2013,1,4,01/04/2013,5,4,2,3,0,3,40.78874407,-73.97053357,MANHATTAN,DRUG STORE,341,333
1,2013,1,4,01/04/2013,5,3,2,1,1,2,40.83598582,-73.92655408,BRONX,RESIDENCE - PUBLIC HOUSING,118,793
1,2013,1,4,01/04/2013,5,2,3,1,0,5,40.72456643,-73.98462508,MANHATTAN,RESIDENCE - APT. HOUSE,578,637
1,2013,1,4,01/04/2013,5,9,2,2,1,5,40.72856377,-73.99635737,MANHATTAN,RESIDENCE - APT. HOUSE,678,201
1,2013,1,4,01/04/2013,5,2,2,1,1,3,40.78621722,-73.94380515,MANHATTAN,RESIDENCE - APT. HOUSE,578,638
1,2013,1,4,01/04/2013,5,4,2,3,1,5,40.74071565,-73.9788475,MANHATTAN,STREET,232,490
2,2013,1,4,01/04/2013,4,2,3,3,1,6,40.69474652,-73.97950038,BROOKLYN,RESIDENCE - PUBLIC HOUSING,578,638
1,2013,1,4,01/04/2013,4,3,2,1,1,3,40.80065444,-73.95631545,MANHATTAN,RESIDENCE - APT. HOUSE,344,101
1,2013,1,4,01/04/2013,4,2,3,3,0,4,40.75627543,-73.94501433,QUEENS,RESIDENCE - PUBLIC HOUSING,578,638
1,2013,1,4,01/04/2013,4,2,3,3,0,3,40.78587464,-73.95093015,MANHATTAN,TRANSIT - NYC SUBWAY,578,638
1,2013,1,4,01/04/2013,4,3,1,1,0,2,40.8161713,-73.93031515,BRONX,PUBLIC SCHOOL,236,782
1,2013,1,4,01/04/2013,4,8,1,3,1,6,40.71140227,-73.98259734,MANHATTAN,RESIDENCE - PUBLIC HOUSING,361,639
1,2013,1,4,01/04/2013,4,3,2,3,1,3,40.80065444,-73.95631545,MANHATTAN,RESIDENCE - APT. HOUSE,344,101
2,2013,1,4,01/04/2013,4,4,2,1,1,5,40.74724442,-73.99336087,MANHATTAN,BUS (OTHER),109,439
1,2013,1,4,01/04/2013,4,2,3,1,0,2,40.81850401,-73.93950386,MANHATTAN,OTHER,578,638
1,2013,1,4,01/04/2013,4,8,2,1,1,3,40.79495288,-73.97143733,MANHATTAN,RESIDENCE - APT. HOUSE,359,759
1,2013,1,4,01/04/2013,4,8,3,1,1,5,40.72508566,-73.98868014,MANHATTAN,RESIDENCE - APT. HOUSE,351,259
2,2013,1,4,01/04/2013,4,8,2,3,1,2,40.81567041,-73.92383806,BRONX,RESIDENCE - PUBLIC HOUSING,361,639
1,2013,1,4,01/04/2013,4,7,3,1,1,4,40.74945605,-73.97130887,MANHATTAN,RESIDENCE - APT. HOUSE,112,739
1,2013,1,4,01/04/2013,4,6,2,3,1,3,40.80051276,-73.93521122,MANHATTAN,STREET,117,521
1,2013,1,4,01/04/2013,4,4,2,1,0,5,40.74082451,-73.97426086,MANHATTAN,STREET,109,419
1,2013,1,4,01/04/2013,4,2,2,3,1,3,40.80065444,-73.95631545,MANHATTAN,RESIDENCE - APT. HOUSE,578,637
1,2013,1,4,01/04/2013,4,7,2,1,0,4,40.7521987,-73.99346505,MANHATTAN,STREET,340,707
1,2013,1,4,01/04/2013,4,4,1,1,1,4,40.7520169,-73.98617434,MANHATTAN,CLOTHING/BOUTIQUE,341,338
1,2013,1,4,01/04/2013,4,3,2,1,0,2,40.82514829,-73.94947035,MANHATTAN,RESIDENCE - APT. HOUSE,344,101
1,2013,1,4,01/04/2013,4,9,2,3,1,5,40.71998075,-73.99289821,MANHATTAN,STREET,126,117
1,2013,1,4,01/04/2013,4,4,3,3,1,2,40.82039662,-73.95472362,MANHATTAN,STREET,109,417
1,2013,1,4,01/04/2013,4,8,2,1,1,1,40.86095995,-73.91844296,MANHATTAN,STREET,359,759
1,2013,1,4,01/04/2013,3,4,3,1,0,3,40.80985878,-73.93562477,MANHATTAN,RESIDENCE - PUBLIC HOUSING,110,441
1,2013,1,4,01/04/2013,3,2,3,1,0,5,40.72025522,-74.00709028,MANHATTAN,RESIDENCE - APT. HOUSE,578,637
2,2013,1,4,01/04/2013,3,2,1,1,1,3,40.79644422,-73.96491762,MANHATTAN,RESIDENCE - PUBLIC HOUSING,578,638
1,2013,1,4,01/04/2013,3,3,2,3,1,5,40.72156941,-73.98664604,MANHATTAN,STREET,118,793
1,2013,1,4,01/04/2013,3,3,1,1,1,2,40.82260706,-73.9443453,MANHATTAN,RESIDENCE - APT. HOUSE,344,101
1,2013,1,4,01/04/2013,3,3,1,3,0,6,40.69421996,-73.9821186,BROOKLYN,RESIDENCE - PUBLIC HOUSING,344,101
1,2013,1,4,01/04/2013,3,6,1,3,0,2,40.83294176,-73.93543259,MANHATTAN,RESIDENCE - PUBLIC HOUSING,117,500
1,2013,1,4,01/04/2013,3,8,2,3,0,5,40.73434144,-74.00465617,MANHATTAN,PARKING LOT/GARAGE (PUBLIC),351,254
1,2013,1,4,01/04/2013,3,6,3,3,0,4,40.74965447,-73.99717188,MANHATTAN,RESIDENCE - APT. HOUSE,117,503
1,2013,1,4,01/04/2013,3,4,2,1,1,3,40.79330094,-73.948765,MANHATTAN,RESIDENCE - PUBLIC HOUSING,341,338
1,2013,1,4,01/04/2013,3,4,3,3,0,3,40.78832276,-73.97650313,MANHATTAN,TRANSIT - NYC SUBWAY,341,339
1,2013,1,4,01/04/2013,2,4,2,2,0,2,40.8302353,-73.94575541,MANHATTAN,RESIDENCE - APT. HOUSE,105,388
1,2013,1,4,01/04/2013,2,8,1,3,1,1,40.86155981,-73.92471824,MANHATTAN,STREET,347,905
1,2013,1,4,01/04/2013,2,4,1,1,1,5,40.74436244,-74.00659843,MANHATTAN,RESTAURANT/DINER,109,419
1,2013,1,4,01/04/2013,2,3,2,1,1,5,40.72636681,-73.983315,MANHATTAN,RESTAURANT/DINER,344,101
1,2013,1,4,01/04/2013,2,3,3,1,0,5,40.73364363,-73.98693228,MANHATTAN,STREET,344,101
1,2013,1,4,01/04/2013,2,3,2,3,0,6,40.69010642,-73.98897094,BROOKLYN,OTHER,106,109
1,2013,1,4,01/04/2013,2,8,3,3,0,1,40.8534003,-73.92984237,MANHATTAN,RESIDENCE - APT. HOUSE,351,259
1,2013,1,4,01/04/2013,2,8,2,1,1,1,40.86182019,-73.92414673,MANHATTAN,RESIDENCE - PUBLIC HOUSING,361,639
1,2013,1,4,01/04/2013,2,4,2,1,1,4,40.75593699,-73.9925984,MANHATTAN,STREET,111,494
1,2013,1,4,01/04/2013,2,4,2,1,0,1,40.84932946,-73.93373231,MANHATTAN,TRANSIT - NYC SUBWAY,341,339
1,2013,1,4,01/04/2013,2,3,2,1,0,4,40.75308752,-73.93717028,QUEENS,STREET,344,113
1,2013,1,4,01/04/2013,1,8,2,3,0,5,40.73496146,-73.99048985,MANHATTAN,STREET,347,905
1,2013,1,4,01/04/2013,1,8,3,1,0,6,40.68297915,-73.97666644,BROOKLYN,STREET,347,905
1,2013,1,4,01/04/2013,1,3,2,1,0,2,40.83981053,-73.92866046,BRONX,STREET,118,793
1,2013,1,4,01/04/2013,1,4,1,1,1,5,40.73060018,-73.99240999,MANHATTAN,STREET,105,397
1,2013,1,4,01/04/2013,1,4,2,1,0,2,40.8392406,-73.94554569,MANHATTAN,STREET,341,321
1,2013,1,4,01/04/2013,1,6,2,1,0,5,40.723393,-73.97625544,MANHATTAN,OTHER,235,511
1,2013,1,4,01/04/2013,1,4,3,1,0,3,40.80915355,-73.93590722,MANHATTAN,CONSTRUCTION SITE,107,223
1,2013,1,4,01/04/2013,1,4,2,3,1,6,40.68228889,-73.98523334,BROOKLYN,STREET,110,441
1,2013,1,4,01/04/2013,1,8,2,2,1,4,40.75066421,-73.99086658,MANHATTAN,TAXI (YELLOW LICENSED),351,254
1,2013,1,4,01/04/2013,1,7,3,2,0,5,40.7319722,-73.98815578,MANHATTAN,OTHER,358,705
1,2013,1,4,01/04/2013,1,6,3,1,1,3,40.80817083,-73.92652337,BRONX,STREET,117,570
1,2013,1,4,01/04/2013,1,4,2,3,0,4,40.75031041,-74.00447683,MANHATTAN,STREET,341,321
1,2013,1,4,01/04/2013,1,8,2,1,0,5,40.7448097,-73.99141954,MANHATTAN,CONSTRUCTION SITE,351,258
1,2013,1,4,01/04/2013,1,8,1,1,1,5,40.72815345,-73.98201208,MANHATTAN,RESTAURANT/DINER,361,639
1,2013,1,4,01/04/2013,1,9,3,1,0,6,40.69362167,-73.98251182,BROOKLYN,STREET,126,117
1,2013,1,4,01/04/2013,1,4,2,2,1,4,40.78057063,-73.94823678,MANHATTAN,TAXI (YELLOW LICENSED),341,321
1,2013,1,4,01/04/2013,1,4,2,2,1,5,40.73037476,-73.98820658,MANHATTAN,STREET,341,321
1,2013,1,4,01/04/2013,1,9,2,1,1,3,40.79397933,-73.93844629,MANHATTAN,RESIDENCE - PUBLIC HOUSING,126,760
1,2013,1,4,01/04/2013,1,4,1,2,1,5,40.72649103,-73.98920665,MANHATTAN,BANK,352,205
1,2013,1,4,01/04/2013,1,8,2,3,0,2,40.82494952,-73.94691595,MANHATTAN,RESIDENCE - APT. HOUSE,351,259
1,2013,1,4,01/04/2013,1,9,3,3,1,1,40.8580648,-73.93193055,MANHATTAN,RESIDENCE - APT. HOUSE,126,198
1,2013,1,4,01/04/2013,1,4,1,1,0,5,40.73222258,-73.99861229,MANHATTAN,STREET,341,339
1,2013,1,4,01/04/2013,1,3,2,3,0,4,40.76039192,-73.9972725,MANHATTAN,BAR/NIGHT CLUB,344,101
1,2013,1,4,01/04/2013,1,3,3,3,1,4,40.7522284,-73.97192486,MANHATTAN,RESIDENCE - APT. HOUSE,106,109
1,2013,1,4,01/04/2013,1,3,3,1,1,4,40.7522284,-73.97192486,MANHATTAN,RESIDENCE - APT. HOUSE,344,101
1,2013,1,4,01/04/2013,1,4,3,3,1,4,40.78049382,-73.95486268,MANHATTAN,DRUG STORE,341,333
1,2013,1,4,01/04/2013,1,6,3,2,0,5,40.71875075,-73.98857299,MANHATTAN,STREET,117,503
1,2013,1,4,01/04/2013,1,3,1,3,1,3,40.80023656,-73.96214891,MANHATTAN,RESIDENCE - APT. HOUSE,344,113
1,2013,1,4,01/04/2013,3,8,3,2,0,4,40.75531671,-73.99305326,MANHATTAN,COMMERCIAL BUILDING,361,639
1,2013,1,4,01/04/2013,6,8,2,3,1,4,40.75387492,-73.98482044,MANHATTAN,COMMERCIAL BUILDING,361,639
1,2013,1,4,01/04/2013,6,7,3,2,1,4,40.75184033,-73.97999532,MANHATTAN,COMMERCIAL BUILDING,112,739
2,2013,1,4,01/04/2013,5,4,2,1,0,5,40.72000018,-74.00024676,MANHATTAN,COMMERCIAL BUILDING,109,403
1,2013,1,4,01/04/2013,3,7,2,1,1,4,40.75503438,-73.97567388,MANHATTAN,COMMERCIAL BUILDING,340,707
1,2013,1,4,01/04/2013,7,4,3,3,1,4,40.75121169,-73.97946496,MANHATTAN,COMMERCIAL BUILDING,109,438
1,2013,1,4,01/04/2013,1,7,2,1,1,5,40.7454109,-73.99284137,MANHATTAN,COMMERCIAL BUILDING,112,739
1,2013,1,4,01/04/2013,7,4,3,1,0,5,40.7454109,-73.99284137,MANHATTAN,COMMERCIAL BUILDING,341,338
1,2013,1,4,01/04/2013,6,8,3,3,1,5,40.74430732,-73.99021785,MANHATTAN,COMMERCIAL BUILDING,361,639
1,2013,1,4,01/04/2013,8,4,2,1,0,5,40.72316928,-73.98412754,MANHATTAN,COMMERCIAL BUILDING,109,438
1,2013,1,4,01/04/2013,7,8,1,1,1,5,40.72815345,-73.98201208,MANHATTAN,COMMERCIAL BUILDING,361,639
1,2013,1,4,01/04/2013,2,8,2,1,1,4,40.75248545,-73.98057262,MANHATTAN,COMMERCIAL BUILDING,361,639
1,2013,1,4,01/04/2013,7,2,1,1,1,4,40.76717676,-73.96380668,MANHATTAN,RESTAURANT/DINER,233,175
1,2013,1,4,01/04/2013,8,6,2,2,0,3,40.79926052,-73.93906265,MANHATTAN,STREET,235,567
2,2013,1,4,01/04/2013,7,4,2,1,1,6,40.71009385,-74.01060963,MANHATTAN,DEPARTMENT STORE,341,333
1,2013,1,4,01/04/2013,7,4,2,3,0,4,40.74973364,-73.98967569,MANHATTAN,DEPARTMENT STORE,341,338
1,2013,1,4,01/04/2013,6,4,3,1,0,4,40.75043077,-73.98928218,MANHATTAN,DEPARTMENT STORE,341,333
1,2013,1,4,01/04/2013,6,4,3,1,1,6,40.71009385,-74.01060963,MANHATTAN,DEPARTMENT STORE,341,333
1,2013,1,4,01/04/2013,5,4,2,1,0,4,40.75043077,-73.98928218,MANHATTAN,DEPARTMENT STORE,341,333
1,2013,1,4,01/04/2013,5,4,1,1,0,6,40.6912892,-73.98690813,BROOKLYN,DEPARTMENT STORE,341,333
1,2013,1,4,01/04/2013,4,4,2,2,0,4,40.75043077,-73.98928218,MANHATTAN,DEPARTMENT STORE,341,333
1,2013,1,4,01/04/2013,4,3,2,1,1,6,40.69131974,-73.99044198,BROOKLYN,DOCTOR/DENTIST OFFICE,344,101
1,2013,1,4,01/04/2013,4,2,3,3,1,4,40.76125261,-73.96988514,MANHATTAN,DOCTOR/DENTIST OFFICE,578,637
1,2013,1,4,01/04/2013,4,2,2,3,1,4,40.76125261,-73.96988514,MANHATTAN,DOCTOR/DENTIST OFFICE,578,637
1,2013,1,4,01/04/2013,6,4,2,1,0,6,40.71169972,-74.00834824,MANHATTAN,GYM/FITNESS FACILITY,109,438
1,2013,1,4,01/04/2013,3,4,3,1,0,4,40.77750583,-73.97687885,MANHATTAN,GYM/FITNESS FACILITY,341,338
1,2013,1,4,01/04/2013,2,4,2,1,0,5,40.72987012,-74.00691451,MANHATTAN,GYM/FITNESS FACILITY,341,338
1,2013,1,4,01/04/2013,1,4,2,1,0,5,40.73815365,-74.00890366,MANHATTAN,HOTEL/MOTEL,109,438
1,2013,1,4,01/04/2013,4,4,1,1,1,5,40.74062676,-74.00771314,MANHATTAN,HOTEL/MOTEL,109,438
1,2013,1,4,01/04/2013,6,7,1,1,0,5,40.71965981,-74.00224532,MANHATTAN,SMALL MERCHANT,358,705
1,2013,1,4,01/04/2013,6,7,3,1,0,5,40.71918772,-74.00158153,MANHATTAN,SMALL MERCHANT,358,705
1,2013,1,4,01/04/2013,4,8,2,3,0,5,40.74756823,-74.00785108,MANHATTAN,SMALL MERCHANT,351,258
1,2013,1,4,01/04/2013,6,4,2,2,1,4,40.76044179,-73.96587511,MANHATTAN,STORE UNCLASSIFIED,109,438
1,2013,1,4,01/04/2013,5,4,3,1,0,3,40.79124062,-73.94492406,MANHATTAN,STORE UNCLASSIFIED,341,333
1,2013,1,4,01/04/2013,4,9,2,1,1,1,40.8598063,-73.92962232,MANHATTAN,STORE UNCLASSIFIED,126,198
1,2013,1,4,01/04/2013,5,3,2,1,0,5,40.71787563,-73.99512061,MANHATTAN,TELECOMM. STORE,236,782
1,2013,1,4,01/04/2013,3,2,1,1,0,1,40.85148777,-73.93545797,MANHATTAN,,116,179
1,2013,1,4,01/04/2013,8,1,1,3,0,5,40.71754737,-73.97999479,,,101,
1,2013,1,4,01/04/2013,4,7,2,3,1,2,40.82240601,-73.94877511,MANHATTAN,RESIDENCE - APT. HOUSE,112,739